<?xml version="1.0" encoding="UTF-8" standalone="no"?>
<pack>
    <snippet actorid="0" attachedevent="true" class="scripts.ActorEvents_0" classname="scripts.ActorEvents_0" desc="Actor Specific Events" description="Actor Specific Events" design="true" drawOrder="0" id="0" name="ActorEvents_0" oid="-1" package="scripts." shared="false" type="actor">
        <number default="25.0" defaultValue="25.0" desc="" dropdown="" fullname="Walking speed x" hidden="false" id="1" name="_Walkingspeed" order="0"/>
        <number default="80.0" defaultValue="80.0" desc="" dropdown="" fullname="Bullet speed" hidden="false" id="2" name="_Bulletspeed" order="1"/>
        <number default="3.0" defaultValue="3.0" desc="" dropdown="" fullname="Health" hidden="false" id="3" name="_Health" order="2"/>
        <boolean default="false" defaultValue="false" desc="" dropdown="" fullname="Alive" hidden="false" id="4" name="_Alive" order="3"/>
        <boolean default="false" defaultValue="false" desc="" dropdown="" fullname="Dead?" hidden="false" id="5" name="_Dead" order="4"/>
        <blocks/>
        <events>
            <event displayName="Moving" enabled="true" id="2" name="step" order="2" repeats="true"/>
            <event displayName="Shoot up" enabled="true" id="3" name="event-key-press-release" order="4" repeats="true"/>
            <event displayName="Actor - Type" enabled="true" id="4" name="event-collide-actortotype" order="8" repeats="true"/>
            <event displayName="Actor - Type" enabled="true" id="5" name="event-collide-actortotype" order="9" repeats="true"/>
            <event displayName="ASH position" enabled="true" id="6" name="step" order="11" repeats="true"/>
            <event displayName="Decrement lives" enabled="true" id="8" name="event-custom" order="13" repeats="true"/>
            <event displayName="Set lives" enabled="true" id="9" name="init" order="14" repeats="true"/>
            <event displayName="Shoot right" enabled="true" id="10" name="event-key-press-release" order="7" repeats="true"/>
            <event displayName="Shoot left" enabled="true" id="11" name="event-key-press-release" order="6" repeats="true"/>
            <event displayName="Shoot down" enabled="true" id="12" name="event-key-press-release" order="5" repeats="true"/>
        </events>
    </snippet>
    <snippet attachedevent="true" class="scripts.SceneEvents_0" classname="scripts.SceneEvents_0" desc="Scene Specific Events" description="Scene Specific Events" design="true" drawOrder="0" id="1" name="SceneEvents_0" oid="-1" package="scripts." sceneid="0" shared="false" type="scene">
        <blocks/>
        <events>
            <event displayName="Enters Region" enabled="true" id="2" name="event-actor-region" order="2" repeats="true"/>
        </events>
    </snippet>
    <snippet actorid="5" attachedevent="true" class="scripts.ActorEvents_5" classname="scripts.ActorEvents_5" desc="Actor Specific Events" description="Actor Specific Events" design="true" drawOrder="0" id="2" name="ActorEvents_5" oid="-1" package="scripts." shared="false" type="actor">
        <blocks/>
        <events>
            <event displayName="Hit ASH" enabled="true" id="1" name="event-collide-actortotype" order="1" repeats="true"/>
            <event displayName="Every N secs" enabled="true" id="2" name="event-periodic" order="2" repeats="true"/>
        </events>
    </snippet>
    <snippet actorid="7" attachedevent="true" class="scripts.ActorEvents_7" classname="scripts.ActorEvents_7" desc="Actor Specific Events" description="Actor Specific Events" design="true" drawOrder="0" id="3" name="ActorEvents_7" oid="-1" package="scripts." shared="false" type="actor">
        <blocks/>
        <events>
            <event displayName="Hit Ash" enabled="true" id="1" name="event-collide-actortotype" order="1" repeats="true"/>
            <event displayName="Updating" enabled="true" id="2" name="step" order="2" repeats="true"/>
        </events>
    </snippet>
    <snippet attachedevent="false" class="scripts.Design_4_4_Health" classname="scripts.Design_4_4_Health" desc="" description="" design="true" drawOrder="0" id="4" name="Health" oid="-1" package="scripts" shared="false" type="actor">
        <actor default="thisactor" defaultValue="thisactor" desc="" dropdown="" fullname="Actor" hidden="true" id="2147483647" name="actor" order="0"/>
        <number default="3.0" defaultValue="3.0" desc="" dropdown="" fullname="Health" hidden="false" id="2" name="_Health" order="2"/>
        <blocks/>
        <events>
            <event displayName="Updating" enabled="true" id="2" name="step" order="3" repeats="true"/>
            <event displayName="Custom Event" enabled="true" id="3" name="event-custom" order="2" repeats="true"/>
            <event displayName="Custom Event" enabled="false" id="4" name="event-custom" order="5" repeats="true"/>
            <event displayName="Created" enabled="false" id="5" name="init" order="6" repeats="true"/>
        </events>
    </snippet>
    <snippet actorid="9" attachedevent="true" class="scripts.ActorEvents_9" classname="scripts.ActorEvents_9" desc="Actor Specific Events" description="Actor Specific Events" design="true" drawOrder="0" id="5" name="ActorEvents_9" oid="-1" package="scripts." shared="false" type="actor">
        <blocks/>
        <events>
            <event displayName="Collide enemy 1" enabled="true" id="1" name="event-collide-actortotype" order="1" repeats="true"/>
            <event displayName="Collide enemy 2" enabled="true" id="2" name="event-collide-actortotype" order="4" repeats="true"/>
            <event displayName="Exits Screen" enabled="true" id="3" name="event-actor-screen" order="5" repeats="true"/>
            <event displayName="Collide enemy 2 Copy" enabled="true" id="4" name="event-collide-actortotype" order="7" repeats="true"/>
        </events>
    </snippet>
    <snippet actorid="11" attachedevent="true" class="scripts.ActorEvents_11" classname="scripts.ActorEvents_11" desc="Actor Specific Events" description="Actor Specific Events" design="true" drawOrder="0" id="6" name="ActorEvents_11" oid="-1" package="scripts." shared="false" type="actor">
        <blocks/>
        <events>
            <event displayName="Enters Screen" enabled="true" id="2" name="event-actor-screen" order="2" repeats="true"/>
            <event displayName="Actor - Type" enabled="true" id="3" name="event-collide-actortotype" order="3" repeats="true"/>
        </events>
    </snippet>
    <snippet attachedevent="true" class="scripts.SceneEvents_1" classname="scripts.SceneEvents_1" desc="Scene Specific Events" description="Scene Specific Events" design="true" drawOrder="0" id="7" name="SceneEvents_1" oid="-1" package="scripts." sceneid="1" shared="false" type="scene">
        <blocks/>
        <events>
            <event displayName="Enters Region" enabled="true" id="1" name="event-actor-region" order="1" repeats="true"/>
            <event displayName="Enters Region" enabled="false" id="2" name="event-actor-region" order="2" repeats="true"/>
        </events>
    </snippet>
    <snippet attachedevent="true" class="scripts.SceneEvents_2" classname="scripts.SceneEvents_2" desc="Scene Specific Events" description="Scene Specific Events" design="true" drawOrder="0" id="8" name="SceneEvents_2" oid="-1" package="scripts." sceneid="2" shared="false" type="scene">
        <blocks/>
        <events>
            <event displayName="Enters Region" enabled="true" id="1" name="event-type-region" order="1" repeats="true"/>
        </events>
    </snippet>
    <snippet attachedevent="false" class="scripts.Design_9_9_DrawScore" classname="scripts.Design_9_9_DrawScore" desc="" description="" design="true" drawOrder="0" id="9" name="Draw Score" oid="-1" package="scripts" shared="false" type="scene">
        <blocks/>
        <events>
            <event displayName="Drawing" enabled="true" id="1" name="draw" order="1" repeats="true"/>
            <event displayName="Actor Created" enabled="true" id="2" name="event-group-create-kill" order="2" repeats="true"/>
            <event displayName="Updating" enabled="true" id="3" name="step" order="3" repeats="true"/>
        </events>
    </snippet>
    <snippet attachedevent="false" class="scripts.Design_10_10_DrawLives" classname="scripts.Design_10_10_DrawLives" desc="" description="" design="true" drawOrder="0" id="10" name="Draw Lives" oid="-1" package="scripts" shared="false" type="scene">
        <blocks/>
        <events>
            <event displayName="Drawing" enabled="true" id="1" name="draw" order="1" repeats="true"/>
        </events>
    </snippet>
    <snippet actorid="13" attachedevent="true" class="scripts.ActorEvents_13" classname="scripts.ActorEvents_13" desc="Actor Specific Events" description="Actor Specific Events" design="true" drawOrder="0" id="11" name="ActorEvents_13" oid="-1" package="scripts." shared="false" type="actor">
        <blocks/>
        <events>
            <event displayName="Actor - Type" enabled="true" id="1" name="event-collide-actortotype" order="1" repeats="true"/>
        </events>
    </snippet>
    <snippet attachedevent="true" class="scripts.SceneEvents_3" classname="scripts.SceneEvents_3" desc="Scene Specific Events" description="Scene Specific Events" design="true" drawOrder="0" id="13" name="SceneEvents_3" oid="-1" package="scripts." sceneid="3" shared="false" type="scene">
        <blocks/>
        <events>
            <event displayName="Enters Region" enabled="true" id="2" name="event-type-region" order="2" repeats="true"/>
        </events>
    </snippet>
    <snippet attachedevent="false" class="scripts.Design_14_14_DeadAsh" classname="scripts.Design_14_14_DeadAsh" desc="" description="" design="true" drawOrder="0" id="14" name="Dead" oid="-1" package="scripts" shared="false" type="scene">
        <boolean default="false" defaultValue="false" desc="" dropdown="" fullname="Dead?" hidden="false" id="1" name="_Dead" order="0"/>
        <blocks/>
        <events>
            <event displayName="Drawing" enabled="true" id="1" name="draw" order="1" repeats="true"/>
            <event displayName="Actor Created" enabled="true" id="2" name="event-type-create-kill" order="3" repeats="true"/>
            <event displayName="Created" enabled="true" id="3" name="init" order="2" repeats="true"/>
            <event displayName="Actor Created" enabled="true" id="4" name="event-type-create-kill" order="4" repeats="true"/>
            <event displayName="Actor Created Copy" enabled="true" id="5" name="event-type-create-kill" order="5" repeats="true"/>
        </events>
    </snippet>
    <snippet attachedevent="true" class="scripts.SceneEvents_4" classname="scripts.SceneEvents_4" desc="Scene Specific Events" description="Scene Specific Events" design="true" drawOrder="0" id="15" name="SceneEvents_4" oid="-1" package="scripts." sceneid="4" shared="false" type="scene">
        <number default="0" defaultValue="0" desc="" dropdown="" fullname="X-cordinate" hidden="false" id="1" name="_Xcordinate" order="0"/>
        <number default="0" defaultValue="0" desc="" dropdown="" fullname="Y-cordinate" hidden="false" id="2" name="_Ycordinate" order="1"/>
        <boolean default="false" defaultValue="false" desc="" dropdown="" fullname="Text 1" hidden="false" id="3" name="_Text1" order="2"/>
        <boolean default="false" defaultValue="false" desc="" dropdown="" fullname="Text 2" hidden="false" id="4" name="_Text2" order="3"/>
        <boolean default="false" defaultValue="false" desc="" dropdown="" fullname="Text 3" hidden="false" id="5" name="_Text3" order="4"/>
        <boolean default="false" defaultValue="false" desc="" dropdown="" fullname="Text 4" hidden="false" id="6" name="_Text4" order="5"/>
        <boolean default="false" defaultValue="false" desc="" dropdown="" fullname="Text 5" hidden="false" id="7" name="_Text5" order="6"/>
        <boolean default="false" defaultValue="false" desc="" dropdown="" fullname="Text 6" hidden="false" id="8" name="_Text6" order="7"/>
        <blocks/>
        <events>
            <event displayName="Drawing" enabled="true" id="2" name="draw" order="4" repeats="true"/>
            <event displayName="Created" enabled="true" id="3" name="init" order="2" repeats="true"/>
            <event displayName="Enters Region" enabled="true" id="4" name="event-actor-region" order="5" repeats="true"/>
        </events>
    </snippet>
    <snippet attachedevent="true" class="scripts.SceneEvents_5" classname="scripts.SceneEvents_5" desc="Scene Specific Events" description="Scene Specific Events" design="true" drawOrder="0" id="16" name="SceneEvents_5" oid="-1" package="scripts." sceneid="5" shared="false" type="scene">
        <blocks/>
        <events>
            <event displayName="Enters Region" enabled="true" id="1" name="event-type-region" order="1" repeats="true"/>
        </events>
    </snippet>
    <snippet actorid="19" attachedevent="true" class="scripts.ActorEvents_19" classname="scripts.ActorEvents_19" desc="Actor Specific Events" description="Actor Specific Events" design="true" drawOrder="0" id="18" name="ActorEvents_19" oid="-1" package="scripts." shared="false" type="actor">
        <blocks/>
        <events>
            <event displayName="Actor - Type" enabled="true" id="1" name="event-collide-actortotype" order="1" repeats="true"/>
            <event displayName="Updating" enabled="true" id="2" name="step" order="2" repeats="true"/>
            <event displayName="Left or right" enabled="true" id="3" name="step" order="3" repeats="true"/>
        </events>
    </snippet>
    <snippet attachedevent="true" class="scripts.SceneEvents_6" classname="scripts.SceneEvents_6" desc="Scene Specific Events" description="Scene Specific Events" design="true" drawOrder="0" id="19" name="SceneEvents_6" oid="-1" package="scripts." sceneid="6" shared="false" type="scene">
        <blocks/>
        <events>
            <event displayName="Enters Region" enabled="true" id="1" name="event-type-region" order="1" repeats="true"/>
        </events>
    </snippet>
    <snippet actorid="23" attachedevent="true" class="scripts.ActorEvents_23" classname="scripts.ActorEvents_23" desc="Actor Specific Events" description="Actor Specific Events" design="true" drawOrder="0" id="20" name="ActorEvents_23" oid="-1" package="scripts." shared="false" type="actor">
        <number default="13.0" defaultValue="13.0" desc="" dropdown="" fullname="Walking speed x" hidden="false" id="1" name="_Walkingspeed" order="0"/>
        <number default="80.0" defaultValue="80.0" desc="" dropdown="" fullname="Bullet speed" hidden="false" id="2" name="_Bulletspeed" order="1"/>
        <blocks/>
        <events>
            <event displayName="Moving" enabled="true" id="1" name="step" order="1" repeats="true"/>
            <event displayName="Set Lives" enabled="true" id="3" name="init" order="6" repeats="true"/>
            <event displayName="Decrement lives" enabled="true" id="4" name="event-custom" order="5" repeats="true"/>
            <event displayName="Actor - Type" enabled="true" id="5" name="event-collide-actortotype" order="3" repeats="true"/>
            <event displayName="ASH position" enabled="true" id="6" name="step" order="4" repeats="true"/>
            <event displayName="Shoot up" enabled="true" id="7" name="event-key-press-release" order="7" repeats="true"/>
            <event displayName="Shoot down" enabled="true" id="8" name="event-key-press-release" order="8" repeats="true"/>
            <event displayName="Shoot left" enabled="true" id="9" name="event-key-press-release" order="9" repeats="true"/>
            <event displayName="Shoot right" enabled="true" id="10" name="event-key-press-release" order="10" repeats="true"/>
        </events>
    </snippet>
    <snippet actorid="25" attachedevent="true" class="scripts.ActorEvents_25" classname="scripts.ActorEvents_25" desc="Actor Specific Events" description="Actor Specific Events" design="true" drawOrder="0" id="21" name="ActorEvents_25" oid="-1" package="scripts." shared="false" type="actor">
        <blocks/>
        <events>
            <event displayName="Enters Screen" enabled="true" id="1" name="event-actor-screen" order="1" repeats="true"/>
            <event displayName="Actor - Type" enabled="true" id="2" name="event-collide-actortotype" order="2" repeats="true"/>
            <event displayName="Actor - Type" enabled="true" id="3" name="event-collide-actortotype" order="3" repeats="true"/>
            <event displayName="Actor - Type " enabled="true" id="4" name="event-collide-actortotype" order="4" repeats="true"/>
        </events>
    </snippet>
    <snippet attachedevent="true" class="scripts.SceneEvents_7" classname="scripts.SceneEvents_7" desc="Scene Specific Events" description="Scene Specific Events" design="true" drawOrder="0" id="22" name="SceneEvents_7" oid="-1" package="scripts." sceneid="7" shared="false" type="scene">
        <blocks/>
        <events>
            <event displayName="Enters Region" enabled="true" id="1" name="event-type-region" order="1" repeats="true"/>
        </events>
    </snippet>
    <snippet attachedevent="false" class="scripts.Design_23_23_Spawncoin" classname="scripts.Design_23_23_Spawncoin" desc="" description="" design="true" drawOrder="0" id="23" name="Spawn coin" oid="-1" package="scripts" shared="false" type="actor">
        <actor default="thisactor" defaultValue="thisactor" desc="" dropdown="" fullname="Actor" hidden="true" id="2147483647" name="actor" order="2147483647"/>
        <blocks/>
        <events>
            <event displayName="Actor Created" enabled="true" id="2" name="event-actor-create-kill" order="2" repeats="true"/>
        </events>
    </snippet>
    <snippet actorid="27" attachedevent="true" class="scripts.ActorEvents_27" classname="scripts.ActorEvents_27" desc="Actor Specific Events" description="Actor Specific Events" design="true" drawOrder="0" id="24" name="ActorEvents_27" oid="-1" package="scripts." shared="false" type="actor">
        <blocks/>
        <events>
            <event displayName="Actor - Type" enabled="true" id="1" name="event-collide-actortotype" order="1" repeats="true"/>
            <event displayName="Actor - Type Copy" enabled="true" id="2" name="event-collide-actortotype" order="2" repeats="true"/>
            <event displayName="Actor - Type Copy Copy" enabled="true" id="3" name="event-collide-actortotype" order="3" repeats="true"/>
        </events>
    </snippet>
    <snippet attachedevent="false" class="scripts.Design_25_25_Nextlevel" classname="scripts.Design_25_25_Nextlevel" desc="" description="" design="true" drawOrder="0" id="25" name="Next level" oid="-1" package="scripts" shared="false" type="scene">
        <blocks/>
        <events>
            <event displayName="Created" enabled="true" id="1" name="init" order="1" repeats="true"/>
            <event displayName="Actor Created" enabled="false" id="2" name="event-group-create-kill" order="4" repeats="true"/>
            <event displayName="Actor Created" enabled="true" id="3" name="event-group-create-kill" order="2" repeats="true"/>
        </events>
    </snippet>
    <snippet actorid="29" attachedevent="true" class="scripts.ActorEvents_29" classname="scripts.ActorEvents_29" desc="Actor Specific Events" description="Actor Specific Events" design="true" drawOrder="0" id="26" name="ActorEvents_29" oid="-1" package="scripts." shared="false" type="actor">
        <blocks/>
        <events>
            <event displayName="Updating" enabled="false" id="1" name="step" order="1" repeats="true"/>
            <event displayName="Created" enabled="true" id="2" name="init" order="2" repeats="true"/>
            <event displayName="Updating" enabled="true" id="3" name="step" order="4" repeats="true"/>
            <event displayName="Updating Copy" enabled="true" id="4" name="step" order="3" repeats="true"/>
        </events>
    </snippet>
    <snippet attachedevent="true" class="scripts.SceneEvents_8" classname="scripts.SceneEvents_8" desc="Scene Specific Events" description="Scene Specific Events" design="true" drawOrder="0" id="27" name="SceneEvents_8" oid="-1" package="scripts." sceneid="8" shared="false" type="scene">
        <blocks/>
        <events>
            <event displayName="Enters Region" enabled="true" id="1" name="event-type-region" order="1" repeats="true"/>
        </events>
    </snippet>
    <snippet actorid="31" attachedevent="true" class="scripts.ActorEvents_31" classname="scripts.ActorEvents_31" desc="Actor Specific Events" description="Actor Specific Events" design="true" drawOrder="0" id="28" name="ActorEvents_31" oid="-1" package="scripts." shared="false" type="actor">
        <blocks/>
        <events>
            <event displayName="Actor - Type" enabled="true" id="1" name="event-collide-actortotype" order="1" repeats="true"/>
            <event displayName="Updating" enabled="true" id="2" name="step" order="2" repeats="true"/>
            <event displayName="Left or right" enabled="true" id="3" name="step" order="3" repeats="true"/>
        </events>
    </snippet>
    <snippet actorid="33" attachedevent="true" class="scripts.ActorEvents_33" classname="scripts.ActorEvents_33" desc="Actor Specific Events" description="Actor Specific Events" design="true" drawOrder="0" id="29" name="ActorEvents_33" oid="-1" package="scripts." shared="false" type="actor">
        <number default="0" defaultValue="0" desc="" dropdown="" fullname="X of boss" hidden="false" id="1" name="_Xofboss" order="0"/>
        <number default="0.0" defaultValue="0.0" desc="" dropdown="" fullname="Y of boss" hidden="false" id="3" name="_Yofboss" order="2"/>
        <blocks/>
        <events>
            <event displayName="Left or right" enabled="true" id="1" name="step" order="1" repeats="true"/>
            <event displayName="Updating" enabled="true" id="2" name="step" order="4" repeats="true"/>
            <event displayName="Created" enabled="true" id="3" name="init" order="3" repeats="true"/>
            <event displayName="Every N secs" enabled="true" id="4" name="event-periodic" order="6" repeats="true"/>
            <event displayName="Updating" enabled="true" id="5" name="step" order="5" repeats="true"/>
        </events>
    </snippet>
    <snippet attachedevent="true" class="scripts.SceneEvents_9" classname="scripts.SceneEvents_9" desc="Scene Specific Events" description="Scene Specific Events" design="true" drawOrder="0" id="30" name="SceneEvents_9" oid="-1" package="scripts." sceneid="9" shared="false" type="scene">
        <number default="0.0" defaultValue="0.0" desc="" dropdown="" fullname="X-cordinate" hidden="false" id="1" name="_Xcordinate" order="0"/>
        <number default="0.0" defaultValue="0.0" desc="" dropdown="" fullname="Y-cordinate" hidden="false" id="2" name="_Ycordinate" order="1"/>
        <boolean default="false" defaultValue="false" desc="" dropdown="" fullname="Text 1" hidden="false" id="3" name="_Text1" order="2"/>
        <boolean default="false" defaultValue="false" desc="" dropdown="" fullname="Text 2" hidden="false" id="4" name="_Text2" order="3"/>
        <boolean default="false" defaultValue="false" desc="" dropdown="" fullname="Text 3" hidden="false" id="5" name="_Text3" order="4"/>
        <boolean default="false" defaultValue="false" desc="" dropdown="" fullname="Text 4" hidden="false" id="6" name="_Text4" order="5"/>
        <boolean default="false" defaultValue="false" desc="" dropdown="" fullname="Text 5" hidden="false" id="7" name="_Text5" order="6"/>
        <blocks/>
        <events>
            <event displayName="Drawing" enabled="false" id="1" name="draw" order="4" repeats="true"/>
            <event displayName="Created" enabled="false" id="2" name="init" order="3" repeats="true"/>
            <event displayName="Boss is killed" enabled="true" id="3" name="event-actor-create-kill" order="1" repeats="true"/>
            <event displayName="Created" enabled="true" id="4" name="init" order="2" repeats="true"/>
        </events>
    </snippet>
    <snippet attachedevent="true" class="scripts.SceneEvents_10" classname="scripts.SceneEvents_10" desc="Scene Specific Events" description="Scene Specific Events" design="true" drawOrder="0" id="31" name="SceneEvents_10" oid="-1" package="scripts." sceneid="10" shared="false" type="scene">
        <number default="0.0" defaultValue="0.0" desc="" dropdown="" fullname="X-cordinate" hidden="false" id="1" name="_Xcordinate" order="0"/>
        <number default="0.0" defaultValue="0.0" desc="" dropdown="" fullname="Y-cordinate" hidden="false" id="2" name="_Ycordinate" order="1"/>
        <boolean default="false" defaultValue="false" desc="" dropdown="" fullname="Text 1" hidden="false" id="3" name="_Text1" order="2"/>
        <boolean default="false" defaultValue="false" desc="" dropdown="" fullname="Text 2" hidden="false" id="4" name="_Text2" order="3"/>
        <boolean default="false" defaultValue="false" desc="" dropdown="" fullname="Text 3" hidden="false" id="5" name="_Text3" order="4"/>
        <boolean default="false" defaultValue="false" desc="" dropdown="" fullname="Text 4" hidden="false" id="6" name="_Text4" order="5"/>
        <boolean default="false" defaultValue="false" desc="" dropdown="" fullname="Text 5" hidden="false" id="7" name="_Text5" order="6"/>
        <blocks/>
        <events>
            <event displayName="Created" enabled="true" id="1" name="init" order="1" repeats="true"/>
            <event displayName="Drawing" enabled="true" id="2" name="draw" order="2" repeats="true"/>
            <event displayName="Enters Region" enabled="true" id="3" name="event-actor-region" order="3" repeats="true"/>
        </events>
    </snippet>
    <snippet attachedevent="true" class="scripts.SceneEvents_11" classname="scripts.SceneEvents_11" desc="Scene Specific Events" description="Scene Specific Events" design="true" drawOrder="0" id="32" name="SceneEvents_11" oid="-1" package="scripts." sceneid="11" shared="false" type="scene">
        <blocks/>
        <events>
            <event displayName="Enters Region" enabled="true" id="1" name="event-type-region" order="1" repeats="true"/>
        </events>
    </snippet>
    <snippet attachedevent="true" class="scripts.SceneEvents_12" classname="scripts.SceneEvents_12" desc="Scene Specific Events" description="Scene Specific Events" design="true" drawOrder="0" id="33" name="SceneEvents_12" oid="-1" package="scripts." sceneid="12" shared="false" type="scene">
        <number default="0.0" defaultValue="0.0" desc="" dropdown="" fullname="X-cordinate" hidden="false" id="1" name="_Xcordinate" order="0"/>
        <number default="0.0" defaultValue="0.0" desc="" dropdown="" fullname="Y-cordinate" hidden="false" id="2" name="_Ycordinate" order="1"/>
        <boolean default="false" defaultValue="false" desc="" dropdown="" fullname="Text 1" hidden="false" id="3" name="_Text1" order="2"/>
        <boolean default="false" defaultValue="false" desc="" dropdown="" fullname="Text 2" hidden="false" id="4" name="_Text2" order="3"/>
        <blocks/>
        <events>
            <event displayName="Key= false" enabled="true" id="2" name="init" order="3" repeats="true"/>
            <event displayName="Enters Region" enabled="true" id="4" name="event-actor-region" order="6" repeats="false"/>
            <event displayName="Boss is killed" enabled="true" id="6" name="event-actor-create-kill" order="5" repeats="true"/>
        </events>
    </snippet>
    <snippet attachedevent="true" class="scripts.SceneEvents_13" classname="scripts.SceneEvents_13" desc="Scene Specific Events" description="Scene Specific Events" design="true" drawOrder="0" id="34" name="SceneEvents_13" oid="-1" package="scripts." sceneid="13" shared="false" type="scene">
        <number default="0.0" defaultValue="0.0" desc="" dropdown="" fullname="X-cordinate" hidden="false" id="1" name="_Xcordinate" order="0"/>
        <number default="0.0" defaultValue="0.0" desc="" dropdown="" fullname="Y-cordinate" hidden="false" id="2" name="_Ycordinate" order="1"/>
        <boolean default="false" defaultValue="false" desc="" dropdown="" fullname="Text 1" hidden="false" id="3" name="_Text1" order="2"/>
        <boolean default="false" defaultValue="false" desc="" dropdown="" fullname="Text 2" hidden="false" id="4" name="_Text2" order="3"/>
        <boolean default="false" defaultValue="false" desc="" dropdown="" fullname="Text 3" hidden="false" id="5" name="_Text3" order="4"/>
        <boolean default="false" defaultValue="false" desc="" dropdown="" fullname="Text 4" hidden="false" id="6" name="_Text4" order="5"/>
        <boolean default="false" defaultValue="false" desc="" dropdown="" fullname="Text 5" hidden="false" id="7" name="_Text5" order="6"/>
        <blocks/>
        <events>
            <event displayName="ASH" enabled="true" id="1" name="event-actor-region" order="3" repeats="true"/>
            <event displayName="PD" enabled="true" id="2" name="event-actor-region" order="4" repeats="true"/>
            <event displayName="Flame" enabled="true" id="3" name="event-actor-region" order="5" repeats="true"/>
            <event displayName="Drawing" enabled="true" id="4" name="draw" order="1" repeats="true"/>
            <event displayName="Created" enabled="true" id="5" name="init" order="2" repeats="true"/>
        </events>
    </snippet>
    <snippet attachedevent="false" class="scripts.Design_35_35_Pausegame" classname="scripts.Design_35_35_Pausegame" desc="" description="" design="true" drawOrder="0" id="35" name="Pause game" oid="-1" package="scripts" shared="false" type="scene">
        <blocks/>
        <events>
            <event displayName="Updating" enabled="true" id="1" name="step" order="1" repeats="true"/>
            <event displayName="Drawing" enabled="true" id="2" name="draw" order="2" repeats="true"/>
        </events>
    </snippet>
    <snippet attachedevent="false" class="scripts.Design_36_36_Restart" classname="scripts.Design_36_36_Restart" desc="" description="" design="true" drawOrder="0" id="36" name="Restart game" oid="-1" package="scripts" shared="false" type="scene">
        <blocks/>
        <events>
            <event displayName="Updating" enabled="true" id="1" name="step" order="1" repeats="true"/>
        </events>
    </snippet>
    <snippet attachedevent="true" class="scripts.SceneEvents_14" classname="scripts.SceneEvents_14" desc="Scene Specific Events" description="Scene Specific Events" design="true" drawOrder="0" id="37" name="SceneEvents_14" oid="-1" package="scripts." sceneid="14" shared="false" type="scene">
        <number default="0.0" defaultValue="0.0" desc="" dropdown="" fullname="X-cordinate" hidden="false" id="1" name="_Xcordinate" order="0"/>
        <number default="0.0" defaultValue="0.0" desc="" dropdown="" fullname="Y-cordinate" hidden="false" id="2" name="_Ycordinate" order="1"/>
        <boolean default="false" defaultValue="false" desc="" dropdown="" fullname="Text 1" hidden="false" id="3" name="_Text1" order="2"/>
        <boolean default="false" defaultValue="false" desc="" dropdown="" fullname="Text 2" hidden="false" id="4" name="_Text2" order="3"/>
        <boolean default="false" defaultValue="false" desc="" dropdown="" fullname="Text 3" hidden="false" id="5" name="_Text3" order="4"/>
        <boolean default="false" defaultValue="false" desc="" dropdown="" fullname="Text 4" hidden="false" id="6" name="_Text4" order="5"/>
        <boolean default="false" defaultValue="false" desc="" dropdown="" fullname="Text 5" hidden="false" id="7" name="_Text5" order="6"/>
        <blocks/>
        <events>
            <event displayName="Created" enabled="true" id="3" name="init" order="3" repeats="true"/>
            <event displayName="Drawing" enabled="true" id="4" name="draw" order="4" repeats="true"/>
            <event displayName="Enters Region" enabled="true" id="5" name="event-actor-region" order="5" repeats="true"/>
        </events>
    </snippet>
    <snippet attachedevent="true" class="scripts.SceneEvents_15" classname="scripts.SceneEvents_15" desc="Scene Specific Events" description="Scene Specific Events" design="true" drawOrder="0" id="38" name="SceneEvents_15" oid="-1" package="scripts." sceneid="15" shared="false" type="scene">
        <number default="0.0" defaultValue="0.0" desc="" dropdown="" fullname="X-cordinate" hidden="false" id="1" name="_Xcordinate" order="0"/>
        <number default="0.0" defaultValue="0.0" desc="" dropdown="" fullname="Y-cordinate" hidden="false" id="2" name="_Ycordinate" order="1"/>
        <boolean default="false" defaultValue="false" desc="" dropdown="" fullname="Text 1" hidden="false" id="3" name="_Text1" order="2"/>
        <boolean default="false" defaultValue="false" desc="" dropdown="" fullname="Text 2" hidden="false" id="4" name="_Text2" order="3"/>
        <boolean default="false" defaultValue="false" desc="" dropdown="" fullname="Text 3" hidden="false" id="5" name="_Text3" order="4"/>
        <boolean default="false" defaultValue="false" desc="" dropdown="" fullname="Text 4" hidden="false" id="6" name="_Text4" order="5"/>
        <boolean default="false" defaultValue="false" desc="" dropdown="" fullname="Text 5" hidden="false" id="7" name="_Text5" order="6"/>
        <blocks/>
        <events>
            <event displayName="Created" enabled="true" id="1" name="init" order="1" repeats="true"/>
            <event displayName="Drawing" enabled="true" id="2" name="draw" order="2" repeats="true"/>
            <event displayName="Enters Region" enabled="true" id="3" name="event-actor-region" order="3" repeats="true"/>
        </events>
    </snippet>
    <snippet actorid="35" attachedevent="true" class="scripts.ActorEvents_35" classname="scripts.ActorEvents_35" desc="Actor Specific Events" description="Actor Specific Events" design="true" drawOrder="0" id="39" name="ActorEvents_35" oid="-1" package="scripts." shared="false" type="actor">
        <number default="2.0" defaultValue="2.0" desc="" dropdown="" fullname="spike timer" hidden="false" id="1" name="_spiketimer" order="0"/>
        <blocks/>
        <events>
            <event displayName="Every N secs" enabled="true" id="2" name="event-periodic" order="2" repeats="true"/>
            <event displayName="Updating" enabled="false" id="3" name="step" order="3" repeats="true"/>
        </events>
    </snippet>
    <snippet attachedevent="true" class="scripts.SceneEvents_16" classname="scripts.SceneEvents_16" desc="Scene Specific Events" description="Scene Specific Events" design="true" drawOrder="0" id="40" name="SceneEvents_16" oid="-1" package="scripts." sceneid="16" shared="false" type="scene">
        <number default="0.0" defaultValue="0.0" desc="" dropdown="" fullname="Y-cordinate" hidden="false" id="1" name="_Ycordinate" order="0"/>
        <boolean default="false" defaultValue="false" desc="" dropdown="" fullname="Text 1" hidden="false" id="2" name="_Text1" order="1"/>
        <boolean default="false" defaultValue="false" desc="" dropdown="" fullname="Text 2" hidden="false" id="3" name="_Text2" order="2"/>
        <number default="0.0" defaultValue="0.0" desc="" dropdown="" fullname="X-cordinate" hidden="false" id="4" name="_Xcordinate" order="3"/>
        <blocks/>
        <events>
            <event displayName="Drawing" enabled="true" id="1" name="draw" order="1" repeats="true"/>
            <event displayName="Created" enabled="true" id="2" name="init" order="2" repeats="true"/>
        </events>
    </snippet>
    <snippet actorid="37" attachedevent="true" class="scripts.ActorEvents_37" classname="scripts.ActorEvents_37" desc="Actor Specific Events" description="Actor Specific Events" design="true" drawOrder="0" id="41" name="ActorEvents_37" oid="-1" package="scripts." shared="false" type="actor">
        <number default="15.0" defaultValue="15.0" desc="" dropdown="" fullname="Walking speed x" hidden="false" id="1" name="_Walkingspeed" order="0"/>
        <number default="0" defaultValue="0" desc="" dropdown="" fullname="Bullet limit" hidden="false" id="2" name="_Bulletlimit" order="1"/>
        <blocks/>
        <events>
            <event displayName="Moving" enabled="true" id="1" name="step" order="11" repeats="true"/>
            <event displayName="Set lives" enabled="true" id="2" name="init" order="1" repeats="true"/>
            <event displayName="Decrement lives" enabled="true" id="3" name="event-custom" order="2" repeats="true"/>
            <event displayName="Shoot" enabled="true" id="4" name="step" order="3" repeats="true"/>
            <event displayName="ASH position" enabled="true" id="9" name="step" order="13" repeats="true"/>
            <event displayName="Bullet made" enabled="true" id="11" name="event-type-create-kill" order="5" repeats="true"/>
            <event displayName="Bullet used" enabled="true" id="12" name="event-type-create-kill" order="6" repeats="true"/>
        </events>
    </snippet>
    <snippet attachedevent="true" class="scripts.SceneEvents_17" classname="scripts.SceneEvents_17" desc="Scene Specific Events" description="Scene Specific Events" design="true" drawOrder="0" id="42" name="SceneEvents_17" oid="-1" package="scripts." sceneid="17" shared="false" type="scene">
        <number default="0.0" defaultValue="0.0" desc="" dropdown="" fullname="X-cordinate" hidden="false" id="1" name="_Xcordinate" order="0"/>
        <number default="0.0" defaultValue="0.0" desc="" dropdown="" fullname="Y-cordinate" hidden="false" id="2" name="_Ycordinate" order="1"/>
        <boolean default="false" defaultValue="false" desc="" dropdown="" fullname="Text 1" hidden="false" id="3" name="_Text1" order="2"/>
        <boolean default="false" defaultValue="false" desc="" dropdown="" fullname="Text 2" hidden="false" id="4" name="_Text2" order="3"/>
        <boolean default="false" defaultValue="false" desc="" dropdown="" fullname="Text 3" hidden="false" id="5" name="_Text3" order="4"/>
        <boolean default="false" defaultValue="false" desc="" dropdown="" fullname="Text 4" hidden="false" id="6" name="_Text4" order="5"/>
        <boolean default="false" defaultValue="false" desc="" dropdown="" fullname="Text 5" hidden="false" id="7" name="_Text5" order="6"/>
        <blocks/>
        <events>
            <event displayName="Created" enabled="true" id="1" name="init" order="1" repeats="true"/>
            <event displayName="Drawing" enabled="true" id="2" name="draw" order="2" repeats="true"/>
            <event displayName="Enters Region" enabled="true" id="3" name="event-actor-region" order="3" repeats="true"/>
        </events>
    </snippet>
    <snippet attachedevent="true" class="scripts.SceneEvents_18" classname="scripts.SceneEvents_18" desc="Scene Specific Events" description="Scene Specific Events" design="true" drawOrder="0" id="43" name="SceneEvents_18" oid="-1" package="scripts." sceneid="18" shared="false" type="scene">
        <number default="0.0" defaultValue="0.0" desc="" dropdown="" fullname="X-cordinate" hidden="false" id="1" name="_Xcordinate" order="0"/>
        <number default="0.0" defaultValue="0.0" desc="" dropdown="" fullname="Y-cordinate" hidden="false" id="2" name="_Ycordinate" order="1"/>
        <boolean default="false" defaultValue="false" desc="" dropdown="" fullname="Text 1" hidden="false" id="3" name="_Text1" order="2"/>
        <boolean default="false" defaultValue="false" desc="" dropdown="" fullname="Text 2" hidden="false" id="4" name="_Text2" order="3"/>
        <boolean default="false" defaultValue="false" desc="" dropdown="" fullname="Text 3" hidden="false" id="5" name="_Text3" order="4"/>
        <boolean default="false" defaultValue="false" desc="" dropdown="" fullname="Text 4" hidden="false" id="6" name="_Text4" order="5"/>
        <boolean default="false" defaultValue="false" desc="" dropdown="" fullname="Text 5" hidden="false" id="7" name="_Text5" order="6"/>
        <blocks/>
        <events>
            <event displayName="Created" enabled="true" id="1" name="init" order="1" repeats="true"/>
            <event displayName="Drawing" enabled="true" id="2" name="draw" order="2" repeats="true"/>
            <event displayName="Enters Region" enabled="true" id="3" name="event-actor-region" order="3" repeats="true"/>
        </events>
    </snippet>
    <snippet attachedevent="true" class="scripts.SceneEvents_19" classname="scripts.SceneEvents_19" desc="Scene Specific Events" description="Scene Specific Events" design="true" drawOrder="0" id="44" name="SceneEvents_19" oid="-1" package="scripts." sceneid="19" shared="false" type="scene">
        <blocks/>
        <events>
            <event displayName="Enters Region" enabled="true" id="1" name="event-actor-region" order="1" repeats="true"/>
        </events>
    </snippet>
    <snippet attachedevent="false" class="scripts.Design_45_45_Restartlevel" classname="scripts.Design_45_45_Restartlevel" desc="" description="" design="true" drawOrder="0" id="45" name="Restart level" oid="-1" package="scripts" shared="false" type="scene">
        <blocks/>
        <events>
            <event displayName="Keyboard" enabled="true" id="1" name="event-key-press-release" order="1" repeats="true"/>
        </events>
    </snippet>
    <snippet attachedevent="true" class="scripts.SceneEvents_20" classname="scripts.SceneEvents_20" desc="Scene Specific Events" description="Scene Specific Events" design="true" drawOrder="0" id="46" name="SceneEvents_20" oid="-1" package="scripts." sceneid="20" shared="false" type="scene">
        <blocks/>
        <events>
            <event displayName="Enters Region" enabled="true" id="1" name="event-actor-region" order="1" repeats="true"/>
        </events>
    </snippet>
    <snippet attachedevent="true" class="scripts.SceneEvents_21" classname="scripts.SceneEvents_21" desc="Scene Specific Events" description="Scene Specific Events" design="true" drawOrder="0" id="47" name="SceneEvents_21" oid="-1" package="scripts." sceneid="21" shared="false" type="scene">
        <blocks/>
        <events>
            <event displayName="Enters Region" enabled="true" id="1" name="event-actor-region" order="1" repeats="true"/>
        </events>
    </snippet>
    <snippet attachedevent="true" class="scripts.SceneEvents_22" classname="scripts.SceneEvents_22" desc="Scene Specific Events" description="Scene Specific Events" design="true" drawOrder="0" id="48" name="SceneEvents_22" oid="-1" package="scripts." sceneid="22" shared="false" type="scene">
        <blocks/>
        <events>
            <event displayName="Enters Region" enabled="true" id="1" name="event-actor-region" order="1" repeats="true"/>
        </events>
    </snippet>
    <snippet attachedevent="true" class="scripts.SceneEvents_23" classname="scripts.SceneEvents_23" desc="Scene Specific Events" description="Scene Specific Events" design="true" drawOrder="0" id="49" name="SceneEvents_23" oid="-1" package="scripts." sceneid="23" shared="false" type="scene">
        <blocks/>
        <events>
            <event displayName="Enters Region" enabled="true" id="1" name="event-actor-region" order="1" repeats="true"/>
        </events>
    </snippet>
    <snippet attachedevent="true" class="scripts.SceneEvents_24" classname="scripts.SceneEvents_24" desc="Scene Specific Events" description="Scene Specific Events" design="true" drawOrder="0" id="50" name="SceneEvents_24" oid="-1" package="scripts." sceneid="24" shared="false" type="scene">
        <number default="0.0" defaultValue="0.0" desc="" dropdown="" fullname="X-cordinate" hidden="false" id="1" name="_Xcordinate" order="0"/>
        <number default="0.0" defaultValue="0.0" desc="" dropdown="" fullname="Y-cordinate" hidden="false" id="2" name="_Ycordinate" order="1"/>
        <boolean default="false" defaultValue="false" desc="" dropdown="" fullname="Text 1" hidden="false" id="3" name="_Text1" order="2"/>
        <boolean default="false" defaultValue="false" desc="" dropdown="" fullname="Text 2" hidden="false" id="4" name="_Text2" order="3"/>
        <blocks/>
        <events>
            <event displayName="Create door" enabled="true" id="1" name="step" order="1" repeats="true"/>
            <event displayName="Key= false" enabled="true" id="2" name="init" order="3" repeats="true"/>
            <event displayName="Enters Region" enabled="true" id="4" name="event-actor-region" order="4" repeats="true"/>
        </events>
    </snippet>
    <snippet actorid="39" attachedevent="true" class="scripts.ActorEvents_39" classname="scripts.ActorEvents_39" desc="Actor Specific Events" description="Actor Specific Events" design="true" drawOrder="0" id="51" name="ActorEvents_39" oid="-1" package="scripts." shared="false" type="actor">
        <blocks/>
        <events>
            <event displayName="Left or right" enabled="true" id="1" name="step" order="1" repeats="true"/>
            <event displayName="Actor - Type" enabled="true" id="2" name="event-collide-actortotype" order="2" repeats="true"/>
            <event displayName="Updating" enabled="true" id="3" name="step" order="3" repeats="true"/>
        </events>
    </snippet>
    <snippet attachedevent="true" class="scripts.SceneEvents_25" classname="scripts.SceneEvents_25" desc="Scene Specific Events" description="Scene Specific Events" design="true" drawOrder="0" id="52" name="SceneEvents_25" oid="-1" package="scripts." sceneid="25" shared="false" type="scene">
        <blocks/>
        <events>
            <event displayName="Enters Region" enabled="true" id="1" name="event-actor-region" order="1" repeats="true"/>
        </events>
    </snippet>
    <snippet actorid="42" attachedevent="true" class="scripts.ActorEvents_42" classname="scripts.ActorEvents_42" desc="Actor Specific Events" description="Actor Specific Events" design="true" drawOrder="0" id="53" name="ActorEvents_42" oid="-1" package="scripts." shared="false" type="actor">
        <blocks/>
        <events>
            <event displayName="Left or right" enabled="true" id="1" name="step" order="2" repeats="true"/>
            <event displayName="Created" enabled="true" id="2" name="init" order="1" repeats="true"/>
        </events>
    </snippet>
    <snippet actorid="44" attachedevent="true" class="scripts.ActorEvents_44" classname="scripts.ActorEvents_44" desc="Actor Specific Events" description="Actor Specific Events" design="true" drawOrder="0" id="54" name="ActorEvents_44" oid="-1" package="scripts." shared="false" type="actor">
        <blocks/>
        <events/>
    </snippet>
    <snippet actorid="46" attachedevent="true" class="scripts.ActorEvents_46" classname="scripts.ActorEvents_46" desc="Actor Specific Events" description="Actor Specific Events" design="true" drawOrder="0" id="55" name="ActorEvents_46" oid="-1" package="scripts." shared="false" type="actor">
        <blocks/>
        <events/>
    </snippet>
    <snippet actorid="48" attachedevent="true" class="scripts.ActorEvents_48" classname="scripts.ActorEvents_48" desc="Actor Specific Events" description="Actor Specific Events" design="true" drawOrder="0" id="56" name="ActorEvents_48" oid="-1" package="scripts." shared="false" type="actor">
        <blocks/>
        <events/>
    </snippet>
    <snippet actorid="50" attachedevent="true" class="scripts.ActorEvents_50" classname="scripts.ActorEvents_50" desc="Actor Specific Events" description="Actor Specific Events" design="true" drawOrder="0" id="57" name="ActorEvents_50" oid="-1" package="scripts." shared="false" type="actor">
        <blocks/>
        <events/>
    </snippet>
    <snippet attachedevent="true" class="scripts.SceneEvents_26" classname="scripts.SceneEvents_26" desc="Scene Specific Events" description="Scene Specific Events" design="true" drawOrder="0" id="58" name="SceneEvents_26" oid="-1" package="scripts." sceneid="26" shared="false" type="scene">
        <blocks/>
        <events/>
    </snippet>
    <snippet actorid="52" attachedevent="true" class="scripts.ActorEvents_52" classname="scripts.ActorEvents_52" desc="Actor Specific Events" description="Actor Specific Events" design="true" drawOrder="0" id="59" name="ActorEvents_52" oid="-1" package="scripts." shared="false" type="actor">
        <blocks/>
        <events>
            <event displayName="Actor - Type" enabled="true" id="1" name="event-collide-actortotype" order="1" repeats="true"/>
            <event displayName="Actor - Type Copy" enabled="true" id="2" name="event-collide-actortotype" order="2" repeats="true"/>
            <event displayName="Actor - Type Copy Copy" enabled="true" id="3" name="event-collide-actortotype" order="3" repeats="true"/>
        </events>
    </snippet>
    <snippet attachedevent="false" class="scripts.Design_60_60_Spawnchest" classname="scripts.Design_60_60_Spawnchest" desc="" description="" design="true" drawOrder="0" id="60" name="Spawn chest" oid="-1" package="scripts" shared="false" type="actor">
        <actor default="thisactor" defaultValue="thisactor" desc="" dropdown="" fullname="Actor" hidden="true" id="2147483647" name="actor" order="2147483647"/>
        <blocks/>
        <events>
            <event displayName="Actor Created" enabled="true" id="1" name="event-actor-create-kill" order="1" repeats="true"/>
        </events>
    </snippet>
    <snippet attachedevent="true" class="scripts.SceneEvents_27" classname="scripts.SceneEvents_27" desc="Scene Specific Events" description="Scene Specific Events" design="true" drawOrder="0" id="61" name="SceneEvents_27" oid="-1" package="scripts." sceneid="27" shared="false" type="scene">
        <blocks/>
        <events/>
    </snippet>
    <snippet attachedevent="true" class="scripts.SceneEvents_28" classname="scripts.SceneEvents_28" desc="Scene Specific Events" description="Scene Specific Events" design="true" drawOrder="0" id="62" name="SceneEvents_28" oid="-1" package="scripts." sceneid="28" shared="false" type="scene">
        <blocks/>
        <events/>
    </snippet>
    <snippet attachedevent="true" class="scripts.SceneEvents_29" classname="scripts.SceneEvents_29" desc="Scene Specific Events" description="Scene Specific Events" design="true" drawOrder="0" id="63" name="SceneEvents_29" oid="-1" package="scripts." sceneid="29" shared="false" type="scene">
        <blocks/>
        <events/>
    </snippet>
</pack>
