<?xml version="1.0" encoding="UTF-8" standalone="no"?>
<game accelFramerate="0" adsPosition="0" aheight="480" androidMinVersion="0" androidTargetVersion="7" antialias="true" appName="My Game" appType="0" atlasBindingDefault="false" author="" authorURL="" autoRotate="false" awidth="640" backgroundColor="-15592942" barBackgroundColor="-12303292" barColor="-7829368" barHeight="8" barLocation="0" barOffsetX="0" barOffsetXPhone="0" barOffsetXTablet="0" barOffsetY="0" barOffsetYPhone="0" barOffsetYTablet="0" barScalePhone="1.0" barScaleTablet="2.0" barWidth="120" bindAllAtlasesDefault="false" borderColor="-12303292" borderThickness="2" bundleID="com.yourname.gamename" bundleVersion="1.0" checksum="none" cws-desc="Description" cws-icon128="" cws-icon16="" cws-name="Name" cws-version="1.0" default="13" defaultFramerate="60" defaultSceneID="13" desc="The robot ASH must annihilate all germs with fire/" desktopScale="1x" desktopScaleMode="1" disableBackButton="false" enableGPG="false" enablePurchases="false" format="3.4.0" gameid="-1" googleAppID="" haxeExtras="" height="480" internalVersion="1" internalVersionIOS="1" kit="false" lockURL="" macBundleID="" maxScaleAndroid="4x" maxScaleDesktop="4x" maxScaleIOS="4x" maxScaleWeb="4x" metroColor="-12566464" multitouch="true" name="Flash Point22" openflExtras="" openflLegacy="true" orientation="0" physicsMode="0" pixelsnap="false" preloaderstyle="0" products="" scale="1" scaleModeAndroid="0" scaleModeDesktop="0" scaleModeIOS="0" scaleModeWeb="0" showAds="false" simulatorOS="0.0" simulatorTargetOS="0.0" splashStyle="0" startInFullScreenDesktop="false" startInFullScreenWeb="false" swfHeight="0" swfWidth="0" swfX="0" swfY="0" swfloc="" telemetry="false" testAds="false" useGlossyIcon="false" webScale="1x" width="640" windowsAppName="" windowsAuthor="" windowsBundleID="">
    <exts>
        <e enabled="false" id="test"/>
        <e enabled="false" id="test-native"/>
        <e enabled="false" id="label"/>
        <e enabled="false" id="test-flash"/>
    </exts>
    <scales>
        <scale detailed="1x" id="0" name="1x" size="1.0"/>
        <scale detailed="1.5x" id="1" name="1.5x" size="1.5"/>
        <scale detailed="2x" id="2" name="2x" size="2.0"/>
        <scale detailed="3x" id="3" name="3x" size="3.0"/>
        <scale detailed="4x" id="4" name="4x" size="4.0"/>
    </scales>
    <projectScales>
        <scale enabled="true" name="1x"/>
        <scale enabled="true" name="1.5x"/>
        <scale enabled="true" name="2x"/>
        <scale enabled="true" name="3x"/>
        <scale enabled="true" name="4x"/>
    </projectScales>
    <webScales>
        <scale enabled="true" name="1x"/>
        <scale enabled="true" name="1.5x"/>
        <scale enabled="true" name="2x"/>
        <scale enabled="true" name="3x"/>
        <scale enabled="true" name="4x"/>
    </webScales>
    <desktopScales>
        <scale enabled="true" name="1x"/>
        <scale enabled="true" name="1.5x"/>
        <scale enabled="true" name="2x"/>
        <scale enabled="true" name="3x"/>
        <scale enabled="true" name="4x"/>
    </desktopScales>
    <iOSScales>
        <scale enabled="true" name="1x"/>
        <scale enabled="true" name="1.5x"/>
        <scale enabled="true" name="2x"/>
        <scale enabled="true" name="3x"/>
        <scale enabled="true" name="4x"/>
    </iOSScales>
    <androidScales>
        <scale enabled="true" name="1x"/>
        <scale enabled="true" name="1.5x"/>
        <scale enabled="true" name="2x"/>
        <scale enabled="true" name="3x"/>
        <scale enabled="true" name="4x"/>
    </androidScales>
    <folders>
        <group desc="" id="0" name="ASH" type="scene">
            <r id="0"/>
            <r id="1"/>
            <r id="2"/>
            <r id="3"/>
            <r id="4"/>
            <r id="5"/>
            <r id="9"/>
            <r id="10"/>
            <r id="26"/>
        </group>
        <group desc="" id="1" name="Plague Doctor" type="scene">
            <r id="16"/>
            <r id="6"/>
            <r id="7"/>
            <r id="8"/>
            <r id="24"/>
            <r id="11"/>
            <r id="12"/>
            <r id="14"/>
            <r id="15"/>
        </group>
        <group desc="" id="2" name="Flame" type="scene">
            <r id="17"/>
            <r id="18"/>
            <r id="19"/>
            <r id="20"/>
            <r id="21"/>
            <r id="22"/>
            <r id="23"/>
            <r id="25"/>
        </group>
        <group desc="" id="3" name="Gardener" type="scene">
            <r id="27"/>
            <r id="28"/>
            <r id="29"/>
        </group>
    </folders>
    <packs/>
    <groups>
        <group desc="" id="4" name="Enemies"/>
        <group desc="" id="5" name="Bullet"/>
        <group desc="" id="6" name="E bullet"/>
        <group desc="" id="7" name="Pick-up"/>
        <group desc="" id="8" name="Coin"/>
        <group desc="" id="9" name="Pillars"/>
        <group desc="" id="10" name="Floor covering"/>
    </groups>
    <cgroups>
        <cgroup g1="0" g2="1"/>
        <cgroup g1="0" g2="4"/>
        <cgroup g1="0" g2="6"/>
        <cgroup g1="0" g2="7"/>
        <cgroup g1="0" g2="8"/>
        <cgroup g1="1" g2="3"/>
        <cgroup g1="1" g2="4"/>
        <cgroup g1="3" g2="3"/>
        <cgroup g1="4" g2="5"/>
        <cgroup g1="6" g2="9"/>
    </cgroups>
    <input>
        <key id="0" keyname="W" name="up" vk="87" vks="87"/>
        <key id="1" keyname="S" name="down" vk="83" vks="83"/>
        <key id="2" keyname="A" name="left" vk="65" vks="65"/>
        <key id="3" keyname="D" name="right" vk="68" vks="68"/>
        <key id="4" keyname="Z" name="action1" vk="90" vks="90"/>
        <key id="5" keyname="X" name="action2" vk="88" vks="88"/>
        <key id="6" keyname="ENTER" name="enter" vk="10" vks="10"/>
        <key id="7" keyname="UP" name="Shoot up" vk="38" vks="38"/>
        <key id="8" keyname="DOWN" name="Shoot Down" vk="40" vks="40"/>
        <key id="9" keyname="LEFT" name="Shoot Left" vk="37" vks="37"/>
        <key id="10" keyname="RIGHT" name="Shoot Right" vk="39" vks="39"/>
        <key id="11" keyname="P" name="Pause" vk="80" vks="80"/>
        <key id="12" keyname="C" name="Restart" vk="67" vks="67"/>
    </input>
    <attcats>
        <cat id="-1" name="Default"/>
    </attcats>
    <props/>
    <attributes>
        <number cid="-1" id="0" name="X position of ASH" save="true" value="0.0"/>
        <number cid="-1" id="3" name="Score" save="true" value="0.0"/>
        <number cid="-1" id="11" name="Flame X" save="true" value="0.0"/>
        <number cid="-1" id="12" name="Flame Y" save="true" value="0.0"/>
        <number cid="-1" id="2" name="Lives" save="true" value="0.0"/>
        <number cid="-1" id="6" name="Y position of PD" save="true" value="0.0"/>
        <number cid="-1" id="1" name="Y position of ASH" save="true" value="0.0"/>
        <number cid="-1" id="9" name="Level Complete" save="true" value="0.0"/>
        <number cid="-1" id="4" name="Damage" save="true" value="1.0"/>
        <number cid="-1" id="5" name="X position of PD" save="true" value="0.0"/>
        <boolean cid="-1" id="8" name="Next Level" save="true" value="false"/>
        <boolean cid="-1" id="10" name="Key" save="true" value="false"/>
    </attributes>
    <collisions>
        <poly id="0" name="Square" pts="0.0,0.0#0.0,1.0#1.0,1.0#1.0,0.0"/>
        <poly id="1" name="Rect Up" pts="0.0,0.0#0.0,0.5#1.0,0.5#1.0,0.0"/>
        <poly id="2" name="Rect Down" pts="0.0,0.5#0.0,1.0#1.0,1.0#1.0,0.5"/>
        <poly id="3" name="Rect Left" pts="0.0,0.0#0.0,1.0#0.5,1.0#0.5,0.0"/>
        <poly id="4" name="Rect Right" pts="0.5,0.0#0.5,1.0#1.0,1.0#1.0,0.0"/>
        <poly id="5" name="Tri 45R" pts="0.0,0.0#0.0,1.0#1.0,1.0"/>
        <poly id="6" name="Tri 45L" pts="1.0,0.0#0.0,1.0#1.0,1.0"/>
        <poly id="7" name="Tri 45R Inv" pts="0.0,0.0#0.0,1.0#1.0,0.0"/>
        <poly id="8" name="Tri 45L Inv" pts="0.0,0.0#1.0,1.0#1.0,0.0"/>
        <poly id="9" name="Tri 30R" pts="0.0,1.0#1.0,1.0#1.0,0.5"/>
        <poly id="10" name="Tri 30L" pts="0.0,0.5#0.0,1.0#1.0,1.0"/>
        <poly id="11" name="Tri 30-2R" pts="0.0,0.5#0.0,1.0#1.0,1.0#1.0,0.0"/>
        <poly id="12" name="Tri 30-2L" pts="0.0,0.0#0.0,1.0#1.0,1.0#1.0,0.5"/>
        <poly id="13" name="Tri 30R Inv" pts="0.0,0.0#1.0,0.5#1.0,0.0"/>
        <poly id="14" name="Tri 30L Inv" pts="0.0,0.0#0.0,0.5#1.0,0.0"/>
        <poly id="15" name="Tri 30-2R Inv" pts="0.0,0.0#0.0,0.5#1.0,1.0#1.0,0.0"/>
        <poly id="16" name="Tri 30-2L Inv" pts="0.0,0.0#0.0,1.0#1.0,0.5#1.0,0.0"/>
        <poly id="17" name="Tri 60R" pts="0.5,1.0#1.0,1.0#1.0,0.0"/>
        <poly id="18" name="Tri 60L" pts="0.0,0.0#0.0,1.0#0.5,1.0"/>
        <poly id="19" name="Tri 60-2R" pts="0.5,0.0#0.0,1.0#1.0,1.0#1.0,0.0"/>
        <poly id="20" name="Tri 60-2L" pts="0.0,0.0#0.0,1.0#1.0,1.0#0.5,0.0"/>
        <poly id="21" name="Tri 60R Inv" pts="0.5,0.0#1.0,1.0#1.0,0.0"/>
        <poly id="22" name="Tri 60L Inv" pts="0.0,0.0#0.0,1.0#0.5,0.0"/>
        <poly id="23" name="Tri 60-2R Inv" pts="0.0,0.0#0.5,1.0#1.0,1.0#1.0,0.0"/>
        <poly id="24" name="Tri 60-2L Inv" pts="0.0,0.0#0.0,1.0#0.5,1.0#1.0,0.0"/>
    </collisions>
    <autotileFormats/>
    <atlases>
        <atlas allScenes="true" desc="" dirty="true" id="0" members="0,2,4,5,7,9,11,13,19,23,25,27,29,31,33,35,37,39,42,44,46,48,50,52," name="Main Atlas" pvr="false" resize="0" target="0"/>
        <atlas allScenes="true" desc="" dirty="true" id="1" members="" name="Atlas 2" pvr="false" resize="0" target="0"/>
        <atlas allScenes="true" desc="" dirty="true" id="2" members="" name="Atlas 3" pvr="false" resize="0" target="0"/>
        <atlas allScenes="true" desc="" dirty="true" id="3" members="" name="Atlas 4" pvr="false" resize="0" target="0"/>
    </atlases>
    <libraries/>
</game>
