<?xml version="1.0" encoding="UTF-8" standalone="no"?>
<pack>
    <actor adamp="0.0" ascale="true" atlasID="0" bodytype="2" continuous="true" desc="" eventsnippetid="0" fixedrot="true" fric="0.2" gid="0" id="0" ignoreg="true" inertia="1.0" ldamp="0.0" mass="1.0" name="A S H" oid="-1" pausable="true" physicsMode="0" rest="0.0" shared="false" sprite="1" static="false">
        <snippets>
            <s enabled="true" id="4">
                <prop id="2147483647" list="0" val="thisactor"/>
                <prop id="1" list="0" val="5"/>
                <prop id="2" list="0" val="3.0"/>
            </s>
        </snippets>
    </actor>
    <sprite atlasID="0" default="0" defaultAnimation="0" desc="" height="32" id="1" name="A S H" shared="false" width="32">
        <anim across="1" down="1" durations="100" height="32" id="0" loop="true" name="Standing" numframes="1" originx="16" originy="16" sync="false" version="2" width="32">
            <poly data="4,0,0,32,0,32,32,0,32" density="0.1" fric="0.2" gid="-1000" id="0" name="Standing" rest="0.0" sensor="false"/>
        </anim>
        <anim across="2" down="2" durations="100,100,100,100" height="64" id="1" loop="true" name="Walking forward" numframes="4" originx="16" originy="16" sync="false" version="2" width="64">
            <poly data="4,0,0,32,0,32,32,0,32" density="0.1" fric="0.2" gid="-1000" id="0" name="Walking Forward" rest="0.0" sensor="false"/>
        </anim>
        <anim across="2" down="2" durations="100,100,100,100" height="64" id="2" loop="true" name="Walking backward" numframes="4" originx="16" originy="16" sync="false" version="2" width="64">
            <poly data="4,0,0,32,0,32,32,0,32" density="0.1" fric="0.2" gid="-1000" id="0" name="Walking backward" rest="0.0" sensor="false"/>
        </anim>
        <anim across="3" down="2" durations="100,100,100,100,100,100" height="64" id="3" loop="true" name="Walking right" numframes="6" originx="16" originy="16" sync="false" version="2" width="96">
            <poly data="4,0,0,32,0,32,32,0,32" density="0.1" fric="0.2" gid="-1000" id="0" name="Animation 3" rest="0.0" sensor="false"/>
        </anim>
        <anim across="3" down="2" durations="100,100,100,100,100,100" height="64" id="4" loop="true" name="Walking left" numframes="6" originx="16" originy="16" sync="false" version="2" width="96">
            <poly data="4,0,0,32,0,32,32,0,32" density="0.1" fric="0.2" gid="-1000" id="0" name="Walking left" rest="0.0" sensor="false"/>
        </anim>
    </sprite>
    <sprite atlasID="0" default="0" defaultAnimation="0" desc="" height="32" id="10" name="Bullet" shared="false" width="32">
        <anim across="2" down="1" durations="100,100" height="32" id="0" loop="true" name="Default" numframes="2" originx="16" originy="16" sync="false" version="2" width="64">
            <poly data="4,0,0,32,0,32,32,0,32" density="0.1" fric="0.2" gid="-1000" id="0" name="Default" rest="0.0" sensor="false"/>
        </anim>
    </sprite>
    <actor adamp="0.0" ascale="true" atlasID="0" bodytype="2" continuous="true" desc="" eventsnippetid="5" fixedrot="true" fric="0.2" gid="5" id="9" ignoreg="true" inertia="1.0" ldamp="0.0" mass="1.0" name="bullet ASH" oid="-1" pausable="true" physicsMode="0" rest="0.0" shared="false" sprite="10" static="false">
        <snippets/>
    </actor>
    <actor adamp="0.0" ascale="true" atlasID="0" bodytype="2" continuous="true" desc="" eventsnippetid="6" fixedrot="false" fric="0.2" gid="6" id="11" ignoreg="false" inertia="1.0" ldamp="0.0" mass="1.0" name="bullet Germ" oid="-1" pausable="true" physicsMode="0" rest="0.0" shared="false" sprite="12" static="false">
        <snippets/>
    </actor>
    <actor adamp="0.0" ascale="true" atlasID="0" bodytype="2" continuous="true" desc="" eventsnippetid="21" fixedrot="true" fric="0.2" gid="5" id="25" ignoreg="true" inertia="1.0" ldamp="0.0" mass="1.0" name="bullet PD" oid="-1" pausable="true" physicsMode="0" rest="0.0" shared="false" sprite="26" static="false">
        <snippets/>
    </actor>
    <actor adamp="0.0" ascale="true" atlasID="0" bodytype="0" continuous="true" desc="" eventsnippetid="59" fixedrot="false" fric="0.2" gid="8" id="52" ignoreg="false" inertia="1.0" ldamp="0.0" mass="1.0" name="Chest" oid="-1" pausable="true" physicsMode="0" rest="0.0" shared="false" sprite="53" static="true">
        <snippets/>
    </actor>
    <sprite atlasID="0" default="0" defaultAnimation="0" desc="" height="53" id="53" name="Chest" shared="false" width="62">
        <anim across="1" down="1" durations="100" height="53" id="0" loop="true" name="default" numframes="1" originx="31" originy="26" sync="false" version="2" width="62">
            <poly data="4,0,0,62,0,62,53,0,53" density="0.1" fric="0.2" gid="-1000" id="0" name="default" rest="0.0" sensor="false"/>
        </anim>
    </sprite>
    <actor adamp="0.0" ascale="true" atlasID="0" bodytype="0" continuous="true" desc="" eventsnippetid="24" fixedrot="true" fric="0.2" gid="8" id="27" ignoreg="true" inertia="1.0" ldamp="0.0" mass="1.0" name="Coin" oid="-1" pausable="true" physicsMode="0" rest="0.0" shared="false" sprite="28" static="true">
        <snippets/>
    </actor>
    <sprite atlasID="0" default="0" defaultAnimation="0" desc="" height="32" id="28" name="Coin" shared="false" width="32">
        <anim across="1" down="1" durations="100" height="32" id="0" loop="true" name="default" numframes="1" originx="16" originy="16" sync="false" version="2" width="32">
            <poly data="4,0,0,32,0,32,32,0,32" density="0.1" fric="0.2" gid="-1000" id="0" name="default" rest="0.0" sensor="false"/>
        </anim>
    </sprite>
    <actor adamp="0.0" ascale="true" atlasID="0" bodytype="0" continuous="true" desc="" eventsnippetid="26" fixedrot="false" fric="0.2" gid="1" id="29" ignoreg="false" inertia="1.0" ldamp="0.0" mass="1.0" name="Door" oid="-1" pausable="true" physicsMode="0" rest="0.0" shared="false" sprite="30" static="true">
        <snippets/>
    </actor>
    <sprite atlasID="0" default="0" defaultAnimation="0" desc="" height="32" id="30" name="Door" shared="false" width="32">
        <anim across="1" down="1" durations="100" height="32" id="0" loop="true" name="Open" numframes="1" originx="16" originy="16" sync="false" version="2" width="32">
            <poly data="4,0,0,32,0,32,32,0,32" density="0.1" fric="0.2" gid="-1000" id="0" name="Default" rest="0.0" sensor="true"/>
        </anim>
        <anim across="1" down="1" durations="100" height="32" id="1" loop="true" name="Locked" numframes="1" originx="16" originy="16" sync="false" version="2" width="32">
            <poly data="4,0,0,32,0,32,32,0,32" density="0.1" fric="0.2" gid="-1000" id="0" name="Locked" rest="0.0" sensor="false"/>
        </anim>
    </sprite>
    <actor adamp="0.0" ascale="true" atlasID="0" bodytype="1" continuous="true" desc="" eventsnippetid="2" fixedrot="true" fric="0.2" gid="4" id="5" ignoreg="true" inertia="1.0" ldamp="0.0" mass="1.0" name="Enemy 1" oid="-1" pausable="true" physicsMode="0" rest="0.0" shared="false" sprite="6" static="false">
        <snippets>
            <s enabled="true" id="4">
                <prop id="2147483647" list="0" val="thisactor"/>
                <prop id="1" list="0" val="1"/>
                <prop id="2" list="0" val="1.0"/>
            </s>
            <s enabled="true" id="23">
                <prop id="2147483647" list="0" val="thisactor"/>
            </s>
        </snippets>
    </actor>
    <sprite atlasID="0" default="0" defaultAnimation="0" desc="" height="32" id="6" name="Enemy 1" shared="false" width="32">
        <anim across="3" down="2" durations="100,100,100,100,100,100" height="64" id="0" loop="true" name="Default" numframes="6" originx="16" originy="16" sync="false" version="2" width="96">
            <poly data="4,0,0,32,0,32,32,0,32" density="0.1" fric="0.2" gid="-1000" id="0" name="Default" rest="0.0" sensor="false"/>
        </anim>
    </sprite>
    <actor adamp="0.0" ascale="true" atlasID="0" bodytype="2" continuous="true" desc="" eventsnippetid="3" fixedrot="true" fric="0.2" gid="4" id="7" ignoreg="true" inertia="1.0" ldamp="0.0" mass="1.0" name="Enemy 2" oid="-1" pausable="true" physicsMode="0" rest="0.0" shared="false" sprite="8" static="false">
        <snippets>
            <s enabled="true" id="4">
                <prop id="2147483647" list="0" val="thisactor"/>
                <prop id="1" list="0" val="2"/>
                <prop id="2" list="0" val="2.0"/>
            </s>
            <s enabled="true" id="23">
                <prop id="2147483647" list="0" val="thisactor"/>
            </s>
        </snippets>
    </actor>
    <sprite atlasID="0" default="0" defaultAnimation="0" desc="" height="32" id="8" name="Enemy 2" shared="false" width="32">
        <anim across="3" down="3" durations="100,100,100,100,100,100,100,100" height="96" id="0" loop="true" name="Chase" numframes="8" originx="16" originy="16" sync="false" version="2" width="96">
            <poly data="4,0,0,32,0,32,32,0,32" density="0.1" fric="0.2" gid="-1000" id="0" name="Default" rest="0.0" sensor="false"/>
        </anim>
        <anim across="3" down="3" durations="100,100,100,100,100,100,100,100" height="96" id="1" loop="true" name="Death" numframes="8" originx="16" originy="16" sync="false" version="2" width="96">
            <poly data="4,0,0,32,0,32,32,0,32" density="0.1" fric="0.2" gid="-1000" id="0" name="Death" rest="0.0" sensor="false"/>
        </anim>
    </sprite>
    <actor adamp="0.0" ascale="true" atlasID="0" bodytype="2" continuous="true" desc="" eventsnippetid="18" fixedrot="true" fric="0.2" gid="4" id="19" ignoreg="true" inertia="1.0" ldamp="0.0" mass="1.0" name="Enemy 3" oid="-1" pausable="true" physicsMode="0" rest="0.0" shared="false" sprite="20" static="false">
        <snippets>
            <s enabled="true" id="4">
                <prop id="2147483647" list="0" val="thisactor"/>
                <prop id="2" list="0" val="3.0"/>
            </s>
            <s enabled="true" id="23">
                <prop id="2147483647" list="0" val="thisactor"/>
            </s>
        </snippets>
    </actor>
    <sprite atlasID="0" default="0" defaultAnimation="0" desc="" height="32" id="20" name="Enemy 3" shared="false" width="32">
        <anim across="2" down="2" durations="100,100,100,100" height="64" id="0" loop="true" name="Left" numframes="4" originx="16" originy="16" sync="false" version="2" width="64">
            <poly data="4,0,0,32,0,32,32,0,32" density="0.1" fric="0.2" gid="-1000" id="0" name="Left" rest="0.0" sensor="false"/>
        </anim>
        <anim across="2" down="2" durations="100,100,100,100" height="64" id="1" loop="true" name="Right" numframes="4" originx="16" originy="16" sync="false" version="2" width="64">
            <poly data="4,0,0,32,0,32,32,0,32" density="0.1" fric="0.2" gid="-1000" id="0" name="Right" rest="0.0" sensor="false"/>
        </anim>
    </sprite>
    <actor adamp="0.0" ascale="true" atlasID="0" bodytype="2" continuous="true" desc="" eventsnippetid="28" fixedrot="true" fric="0.2" gid="4" id="31" ignoreg="true" inertia="1.0" ldamp="0.0" mass="1.0" name="Enemy 4" oid="-1" pausable="true" physicsMode="0" rest="0.0" shared="false" sprite="32" static="false">
        <snippets>
            <s enabled="true" id="4">
                <prop id="2147483647" list="0" val="thisactor"/>
                <prop id="2" list="0" val="5.0"/>
            </s>
            <s enabled="true" id="23">
                <prop id="2147483647" list="0" val="thisactor"/>
            </s>
        </snippets>
    </actor>
    <sprite atlasID="0" default="0" defaultAnimation="0" desc="" height="32" id="32" name="Enemy 4" shared="false" width="32">
        <anim across="2" down="2" durations="100,100,100,100" height="64" id="0" loop="true" name="Left" numframes="4" originx="16" originy="16" sync="false" version="2" width="64">
            <poly data="4,0,0,32,0,32,32,0,32" density="0.1" fric="0.2" gid="-1000" id="0" name="Animation 0" rest="0.0" sensor="false"/>
        </anim>
        <anim across="2" down="2" durations="100,100,100,100" height="64" id="1" loop="true" name="Right" numframes="4" originx="16" originy="16" sync="false" version="2" width="64">
            <poly data="4,0,0,32,0,32,32,0,32" density="0.1" fric="0.2" gid="-1000" id="0" name="Animation 1" rest="0.0" sensor="false"/>
        </anim>
    </sprite>
    <actor adamp="0.0" ascale="true" atlasID="0" bodytype="2" continuous="true" desc="" eventsnippetid="51" fixedrot="true" fric="0.2" gid="4" id="39" ignoreg="true" inertia="1.0" ldamp="0.0" mass="1.0" name="Enemy 6" oid="-1" pausable="true" physicsMode="0" rest="0.0" shared="false" sprite="40" static="false">
        <snippets>
            <s enabled="true" id="4">
                <prop id="2147483647" list="0" val="thisactor"/>
                <prop id="2" list="0" val="3.0"/>
            </s>
            <s enabled="true" id="23">
                <prop id="2147483647" list="0" val="thisactor"/>
            </s>
        </snippets>
    </actor>
    <sprite atlasID="0" default="0" defaultAnimation="0" desc="" height="32" id="40" name="Enemy 6" shared="false" width="32">
        <anim across="3" down="3" durations="100,100,100,100,100,100,100,100" height="96" id="0" loop="true" name="Left" numframes="8" originx="16" originy="16" sync="false" version="2" width="96">
            <poly data="4,0,0,32,0,32,32,0,32" density="0.1" fric="0.2" gid="-1000" id="0" name="Animation 0" rest="0.0" sensor="false"/>
        </anim>
        <anim across="3" down="3" durations="100,100,100,100,100,100,100,100" height="96" id="1" loop="true" name="Right" numframes="8" originx="16" originy="16" sync="false" version="2" width="96">
            <poly data="4,0,0,32,0,32,32,0,32" density="0.1" fric="0.2" gid="-1000" id="0" name="Animation 1" rest="0.0" sensor="false"/>
        </anim>
    </sprite>
    <actor adamp="0.0" ascale="true" atlasID="0" bodytype="1" continuous="true" desc="" eventsnippetid="29" fixedrot="true" fric="0.2" gid="4" id="33" ignoreg="true" inertia="1.0" ldamp="0.0" mass="1.0" name="Enemy boss 1" oid="-1" pausable="true" physicsMode="0" rest="0.0" shared="false" sprite="34" static="false">
        <snippets>
            <s enabled="true" id="4">
                <prop id="2147483647" list="0" val="thisactor"/>
                <prop id="2" list="0" val="50.0"/>
            </s>
            <s enabled="true" id="60">
                <prop id="2147483647" list="0" val="thisactor"/>
            </s>
        </snippets>
    </actor>
    <sprite atlasID="0" default="0" defaultAnimation="0" desc="" height="64" id="34" name="Enemy boss 1" shared="false" width="64">
        <anim across="2" down="1" durations="100,100" height="64" id="0" loop="true" name="Left" numframes="2" originx="32" originy="32" sync="false" version="2" width="128">
            <poly data="4,0,0,64,0,64,64,0,64" density="0.1" fric="0.2" gid="-1000" id="0" name="Animation 0" rest="0.0" sensor="false"/>
        </anim>
        <anim across="2" down="1" durations="100,100" height="64" id="1" loop="true" name="Right" numframes="2" originx="32" originy="32" sync="false" version="2" width="128">
            <poly data="4,0,0,64,0,64,64,0,64" density="0.1" fric="0.2" gid="-1000" id="0" name="Animation 1" rest="0.0" sensor="false"/>
        </anim>
    </sprite>
    <actor adamp="0.0" ascale="true" atlasID="0" bodytype="0" continuous="true" desc="" eventsnippetid="53" fixedrot="false" fric="0.2" gid="4" id="42" ignoreg="false" inertia="1.0" ldamp="0.0" mass="1.0" name="Enemy boss 2" oid="-1" pausable="true" physicsMode="0" rest="0.0" shared="false" sprite="43" static="true">
        <snippets>
            <s enabled="true" id="4">
                <prop id="2147483647" list="0" val="thisactor"/>
                <prop id="2" list="0" val="100"/>
            </s>
            <s enabled="true" id="60">
                <prop id="2147483647" list="0" val="thisactor"/>
            </s>
        </snippets>
    </actor>
    <sprite atlasID="0" default="0" defaultAnimation="0" desc="" height="96" id="43" name="Enemy boss 2" shared="false" width="96">
        <anim across="3" down="2" durations="100,100,100,100,100" height="192" id="0" loop="true" name="Start" numframes="5" originx="48" originy="48" sync="false" version="2" width="288">
            <circle data="49,0,0" density="0.1" fric="0.2" gid="-1000" id="0" name="Circle" rest="0.0" sensor="false"/>
        </anim>
        <anim across="1" down="1" durations="100" height="96" id="1" loop="true" name="Default" numframes="1" originx="48" originy="48" sync="false" version="2" width="96">
            <circle data="49,0,0" density="0.1" fric="0.2" gid="-1000" id="0" name="Circle" rest="0.0" sensor="false"/>
        </anim>
    </sprite>
    <sprite atlasID="0" default="0" defaultAnimation="0" desc="" height="32" id="45" name="Enemy boss 2 tentacle" shared="false" width="32">
        <anim across="3" down="2" durations="100,100,100,100,100,100" height="64" id="0" loop="true" name="Animation 0" numframes="6" originx="16" originy="16" sync="false" version="2" width="96">
            <poly data="4,0,0,32,0,32,32,0,32" density="0.1" fric="0.2" gid="-1000" id="0" name="Animation 0" rest="0.0" sensor="false"/>
        </anim>
    </sprite>
    <actor adamp="0.0" ascale="true" atlasID="0" bodytype="0" continuous="true" desc="" eventsnippetid="54" fixedrot="false" fric="0.2" gid="10" id="44" ignoreg="false" inertia="1.0" ldamp="0.0" mass="1.0" name="Enemy boss 2 tentacle 1" oid="-1" pausable="true" physicsMode="0" rest="0.0" shared="false" sprite="45" static="true">
        <snippets/>
    </actor>
    <actor adamp="0.0" ascale="true" atlasID="0" bodytype="0" continuous="true" desc="" eventsnippetid="55" fixedrot="false" fric="0.2" gid="10" id="46" ignoreg="false" inertia="1.0" ldamp="0.0" mass="1.0" name="Enemy boss 2 tentacle 2" oid="-1" pausable="true" physicsMode="0" rest="0.0" shared="false" sprite="47" static="true">
        <snippets/>
    </actor>
    <sprite atlasID="0" default="0" defaultAnimation="0" desc="" height="32" id="47" name="Enemy boss 2 tentacle 2" shared="false" width="32">
        <anim across="3" down="2" durations="100,100,100,100,100,100" height="64" id="0" loop="true" name="Animation 0" numframes="6" originx="16" originy="16" sync="false" version="2" width="96">
            <poly data="4,0,0,32,0,32,32,0,32" density="0.1" fric="0.2" gid="-1000" id="0" name="Animation 0" rest="0.0" sensor="false"/>
        </anim>
    </sprite>
    <actor adamp="0.0" ascale="true" atlasID="0" bodytype="0" continuous="true" desc="" eventsnippetid="56" fixedrot="false" fric="0.2" gid="10" id="48" ignoreg="false" inertia="1.0" ldamp="0.0" mass="1.0" name="Enemy boss 2 tentacle 3" oid="-1" pausable="true" physicsMode="0" rest="0.0" shared="false" sprite="49" static="true">
        <snippets/>
    </actor>
    <sprite atlasID="0" default="0" defaultAnimation="0" desc="" height="32" id="49" name="Enemy boss 2 tentacle 3" shared="false" width="32">
        <anim across="3" down="2" durations="100,100,100,100,100,100" height="64" id="0" loop="true" name="Animation 0" numframes="6" originx="16" originy="16" sync="false" version="2" width="96">
            <poly data="4,0,0,32,0,32,32,0,32" density="0.1" fric="0.2" gid="-1000" id="0" name="Animation 0" rest="0.0" sensor="false"/>
        </anim>
    </sprite>
    <actor adamp="0.0" ascale="true" atlasID="0" bodytype="0" continuous="true" desc="" eventsnippetid="57" fixedrot="false" fric="0.2" gid="10" id="50" ignoreg="false" inertia="1.0" ldamp="0.0" mass="1.0" name="Enemy boss 2 tentacle 4" oid="-1" pausable="true" physicsMode="0" rest="0.0" shared="false" sprite="51" static="true">
        <snippets/>
    </actor>
    <sprite atlasID="0" default="0" defaultAnimation="0" desc="" height="32" id="51" name="Enemy boss 2 tentacle 4" shared="false" width="32">
        <anim across="3" down="2" durations="100,100,100,100,100,100" height="64" id="0" loop="true" name="Animation 0" numframes="6" originx="16" originy="16" sync="false" version="2" width="96">
            <poly data="4,0,0,32,0,32,32,0,32" density="0.1" fric="0.2" gid="-1000" id="0" name="Animation 0" rest="0.0" sensor="false"/>
        </anim>
    </sprite>
    <actor adamp="0.0" ascale="true" atlasID="0" bodytype="2" continuous="true" desc="" eventsnippetid="41" fixedrot="true" fric="0.2" gid="0" id="37" ignoreg="true" inertia="1.0" ldamp="0.0" mass="1.0" name="Flame" oid="-1" pausable="true" physicsMode="0" rest="0.0" shared="false" sprite="38" static="false">
        <snippets>
            <s enabled="true" id="4">
                <prop id="2147483647" list="0" val="thisactor"/>
                <prop id="2" list="0" val="1.0"/>
            </s>
        </snippets>
    </actor>
    <sprite atlasID="0" default="0" defaultAnimation="0" desc="" height="32" id="38" name="Flame" shared="false" width="32">
        <anim across="4" down="3" durations="100,100,100,100,100,100,100,100,100,100,100" height="96" id="0" loop="true" name="default" numframes="11" originx="16" originy="16" sync="false" version="2" width="128">
            <poly data="4,0,0,32,0,32,32,0,32" density="0.1" fric="0.2" gid="-1000" id="0" name="Animation 0" rest="0.0" sensor="false"/>
        </anim>
        <anim across="4" down="3" durations="100,100,100,100,100,100,100,100,100,100,100,100" height="96" id="1" loop="true" name="Charging" numframes="12" originx="16" originy="16" sync="false" version="2" width="128">
            <poly data="4,0,0,32,0,32,32,0,32" density="0.1" fric="0.2" gid="-1000" id="0" name="charging" rest="0.0" sensor="false"/>
        </anim>
        <anim across="4" down="3" durations="100,100,100,100,100,100,100,100,100,100,100" height="96" id="2" loop="true" name="Walking right" numframes="11" originx="16" originy="16" sync="false" version="2" width="128">
            <poly data="4,0,0,32,0,32,32,0,32" density="0.1" fric="0.2" gid="-1000" id="0" name="Animation 2" rest="0.0" sensor="false"/>
        </anim>
        <anim across="4" down="3" durations="100,100,100,100,100,100,100,100,100,100,100" height="96" id="3" loop="true" name="Walking left" numframes="11" originx="16" originy="16" sync="false" version="2" width="128">
            <poly data="4,0,0,32,0,32,32,0,32" density="0.1" fric="0.2" gid="-1000" id="0" name="Walking left" rest="0.0" sensor="false"/>
        </anim>
        <anim across="4" down="3" durations="100,100,100,100,100,100,100,100,100,100,100" height="96" id="4" loop="true" name="Walking backward" numframes="11" originx="16" originy="16" sync="false" version="2" width="128">
            <poly data="4,0,0,32,0,32,32,0,32" density="0.1" fric="0.2" gid="-1000" id="0" name="Walking backward" rest="0.0" sensor="false"/>
        </anim>
    </sprite>
    <tileset across="7" atlasID="0" desc="" down="5" id="4" name="Floor" oid="-1" shared="false" th="32" tw="32">
        <tile collision="0" data="" durations="100" frames="0" id="0" order="-1"/>
        <tile collision="0" data="" durations="100" frames="1" id="1" order="-1"/>
        <tile collision="0" data="" durations="100" frames="2" id="2" order="-1"/>
        <tile collision="-1" data="" durations="100" frames="3" id="9" order="-1"/>
        <tile collision="0" data="" durations="100" frames="4" id="20" order="-1"/>
        <tile collision="-1" data="" durations="100" frames="5" id="21" order="-1"/>
        <tile collision="-1" data="" durations="100" frames="6" id="31" order="-1"/>
        <tile collision="0" data="" durations="100" frames="7" id="3" order="-1"/>
        <tile collision="-1" data="" durations="100" frames="8" id="4" order="-1"/>
        <tile collision="0" data="" durations="100" frames="9" id="5" order="-1"/>
        <tile collision="-1" data="" durations="100" frames="10" id="10" order="-1"/>
        <tile collision="-1" data="" durations="100" frames="11" id="17" order="-1"/>
        <tile collision="-1" data="" durations="100" frames="12" id="22" order="-1"/>
        <tile collision="-1" data="" durations="100" frames="13" id="32" order="-1"/>
        <tile collision="0" data="" durations="100" frames="14" id="6" order="-1"/>
        <tile collision="0" data="" durations="100" frames="15" id="7" order="-1"/>
        <tile collision="0" data="" durations="100" frames="16" id="8" order="-1"/>
        <tile collision="-1" data="" durations="100" frames="17" id="11" order="-1"/>
        <tile collision="-1" data="" durations="100" frames="18" id="18" order="-1"/>
        <tile collision="-1" data="" durations="100" frames="19" id="23" order="-1"/>
        <tile collision="-1" data="" durations="100" frames="20" id="33" order="-1"/>
        <tile collision="0" data="" durations="100" frames="21" id="12" order="-1"/>
        <tile collision="-1" data="" durations="100" frames="22" id="13" order="-1"/>
        <tile collision="-1" data="" durations="100" frames="23" id="14" order="-1"/>
        <tile collision="-1" data="" durations="100" frames="24" id="15" order="-1"/>
        <tile collision="-1" data="" durations="100" frames="25" id="19" order="-1"/>
        <tile collision="-1" data="" durations="100" frames="26" id="24" order="-1"/>
        <tile collision="-1" data="" durations="100" frames="27" id="34" order="-1"/>
        <tile collision="-1" data="" durations="100" frames="28" id="25" order="-1"/>
        <tile collision="-1" data="" durations="100" frames="29" id="26" order="-1"/>
        <tile collision="-1" data="" durations="100" frames="30" id="27" order="-1"/>
        <tile collision="-1" data="" durations="100" frames="31" id="28" order="-1"/>
        <tile collision="-1" data="" durations="100" frames="32" id="29" order="-1"/>
        <tile collision="-1" data="" durations="100" frames="33" id="30" order="-1"/>
        <tile collision="-1" data="" durations="100" frames="34" id="35" order="-1"/>
    </tileset>
    <sprite atlasID="0" default="0" defaultAnimation="0" desc="" height="32" id="12" name="Germ bullet" shared="false" width="32">
        <anim across="2" down="1" durations="100,100" height="32" id="0" loop="true" name="default" numframes="2" originx="16" originy="16" sync="false" version="2" width="64">
            <poly data="4,0,0,32,0,32,32,0,32" density="0.1" fric="0.2" gid="-1000" id="0" name="Animation 0" rest="0.0" sensor="false"/>
        </anim>
    </sprite>
    <font alphabet=" !&quot;#$%&amp;'()*+,-./0123456789:;&lt;=&gt;?@ABCDEFGHIJKLMNOPQRSTUVWXYZ[\]^_`abcdefghijklmnopqrstuvwxyz{|}~ ¡¢£¤¥¦§¨©ª«¬­®¯°±²³´µ¶·¸¹º»¼½¾¿ÀÁÂÃÄÅÆÇÈÉÊËÌÍÎÏÐÑÒÓÔÕÖ×ØÙÚÛÜÝÞßàáâãäåæçèéêëìíîïðñòóôõö÷øùúûüýþÿĀāĂăĄąĆćĈĉĊċČčĎďĐđĒēĔĕĖėĘęĚěĜĝĞğĠġĢģĤĥĦħĨĩĪīĬĭĮįİıĲĳĴĵĶķĸĹĺĻļĽľĿŀŁłŃńŅņŇňŉŊŋŌōŎŏŐőŒœŔŕŖŗŘřŚśŜŝŞşŠšŢţŤťŦŧŨũŪūŬŭŮůŰűŲųŴŵŶŷŸŹźŻżŽžſ" atlasID="0" desc="" height="42" id="2" name="Normal" offsets="0|0|0|,12|0|12,18|0|18,26|0|26,38|0|38,49|0|49,59|0|59,69|0|69,73|0|73,81|0|81,89|0|89,99|0|99,111|0|111,117|0|117,127|0|127,131|0|131,143|0|143,153|0|153,163|0|163,174|0|174,185|0|185,196|0|196,208|0|208,219|0|219,229|0|229,239|0|239,250|0|250,256|0|256,264|0|264,277|0|277,289|0|289,303|0|303,312|0|312,322|0|322,336|0|336,349|0|349,361|0|361,373|0|373,386|0|386,399|0|399,411|0|411,425|0|425,437|0|437,451|0|451,465|0|465,478|0|478,494|0|494,508|0|508,520|0|520,533|0|533,545|0|545,558|0|558,570|0|570,582|0|582,594|0|594,608|0|608,622|0|622,636|0|636,648|0|648,660|0|660,669|0|669,676|0|676,685|0|685,695|0|695,709|0|709,714|0|714,725|0|725,738|0|738,750|0|750,762|0|762,773|0|773,786|0|786,799|0|799,811|0|811,821|0|821,832|0|832,845|0|845,855|0|855,869|0|869,881|0|881,892|0|892,906|0|906,919|0|919,931|0|931,942|0|942,952|0|952,963|0|963,976|0|976,989|0|989,1002|0|1002,1016|0|1016,1027|0|1027,1035|0|1035,1039|0|1039,1047|0|1047,1057|0|1057,1068|0|1068,1069|0|1069,1070|0|1070,1071|0|1071,1072|0|1072,1073|0|1073,1074|0|1074,1075|0|1075,1076|0|1076,1077|0|1077,1078|0|1078,1079|0|1079,1080|0|1080,1081|0|1081,1082|0|1082,1083|0|1083,1084|0|1084,1085|0|1085,1086|0|1086,1087|0|1087,1088|0|1088,1089|0|1089,1090|0|1090,1091|0|1091,1092|0|1092,1093|0|1093,1094|0|1094,1095|0|1095,1096|0|1096,1097|0|1097,1098|0|1098,1099|0|1099,1100|0|1100,1112|0|1112,1118|0|1118,1128|0|1128,1139|0|1139,1151|0|1151,1163|0|1163,1167|0|1167,1179|0|1179,1187|0|1187,1199|0|1199,1207|0|1207,1219|0|1219,1232|0|1232,1242|0|1242,1254|0|1254,1268|0|1268,1276|0|1276,1289|0|1289,1297|0|1297,1304|0|1304,1310|0|1310,1321|0|1321,1332|0|1332,1336|0|1336,1341|0|1341,1347|0|1347,1355|0|1355,1367|0|1367,1380|0|1380,1394|0|1394,1407|0|1407,1416|0|1416,1430|0|1430,1444|0|1444,1458|0|1458,1472|0|1472,1486|0|1486,1500|0|1500,1516|0|1516,1528|0|1528,1541|0|1541,1554|0|1554,1567|0|1567,1580|0|1580,1592|0|1592,1604|0|1604,1616|0|1616,1628|0|1628,1640|0|1640,1654|0|1654,1666|0|1666,1678|0|1678,1690|0|1690,1702|0|1702,1714|0|1714,1724|0|1724,1738|0|1738,1750|0|1750,1762|0|1762,1774|0|1774,1786|0|1786,1798|0|1798,1810|0|1810,1822|0|1822,1833|0|1833,1844|0|1844,1855|0|1855,1867|0|1867,1878|0|1878,1889|0|1889,1902|0|1902,1914|0|1914,1925|0|1925,1936|0|1936,1947|0|1947,1958|0|1958,1968|0|1968,1978|0|1978,1988|0|1988,1998|0|1998,2010|0|2010,2022|0|2022,2033|0|2033,2044|0|2044,2055|0|2055,2067|0|2067,2078|0|2078,2090|0|2090,2103|0|2103,2114|0|2114,2125|0|2125,2136|0|2136,2147|0|2147,2161|0|2161,2175|0|2175,2189|0|2189,2203|0|2203,2214|0|2214,2228|0|2228,2239|0|2239,2253|0|2253,2264|0|2264,2276|0|2276,2288|0|2288,2300|0|2300,2312|0|2312,2324|0|2324,2336|0|2336,2348|0|2348,2360|0|2360,2372|0|2372,2388|0|2388,2400|0|2400,2413|0|2413,2426|0|2426,2437|0|2437,2450|0|2450,2461|0|2461,2474|0|2474,2485|0|2485,2498|0|2498,2509|0|2509,2522|0|2522,2533|0|2533,2545|0|2545,2558|0|2558,2570|0|2570,2583|0|2583,2595|0|2595,2608|0|2608,2620|0|2620,2633|0|2633,2647|0|2647,2660|0|2660,2674|0|2674,2686|0|2686,2698|0|2698,2709|0|2709,2721|0|2721,2731|0|2731,2743|0|2743,2753|0|2753,2765|0|2765,2775|0|2775,2787|0|2787,2797|0|2797,2811|0|2811,2826|0|2826,2840|0|2840,2851|0|2851,2865|0|2865,2878|0|2878,2890|0|2890,2903|0|2903,2914|0|2914,2927|0|2927,2937|0|2937,2951|0|2951,2963|0|2963,2976|0|2976,2988|0|2988,3001|0|3001,3012|0|3012,3026|0|3026,3038|0|3038,3052|0|3052,3064|0|3064,3078|0|3078,3090|0|3090,3102|0|3102,3115|0|3115,3127|0|3127,3139|0|3139,3150|0|3150,3162|0|3162,0|21|3173,13|21|3186,25|21|3198,40|21|3213,53|21|3226,66|21|3239,78|21|3251,91|21|3264,103|21|3276,116|21|3289,128|21|3301,140|21|3313,151|21|3324,163|21|3336,174|21|3347,186|21|3359,197|21|3370,209|21|3382,220|21|3393,232|21|3405,242|21|3415,254|21|3427,267|21|3440,279|21|3452,290|21|3463,302|21|3475,313|21|3486,325|21|3498,336|21|3509,348|21|3521,359|21|3532,371|21|3544,382|21|3555,394|21|3567,406|21|3579,418|21|3591,429|21|3602,443|21|3616,456|21|3629,468|21|3641,482|21|3655,494|21|3667,506|21|3679,517|21|3690,529|21|3702,540|21|3713,552|21|3725,563|21|3736" oid="-1" prerendered="false" rowHeight="21" shared="false"/>
    <sprite atlasID="0" default="0" defaultAnimation="0" desc="" height="30" id="26" name="PD bullet" shared="false" width="30">
        <anim across="2" down="2" durations="100,100,100,100" height="60" id="0" loop="true" name="Animation 0" numframes="4" originx="15" originy="15" sync="false" version="2" width="60">
            <poly data="4,0,0,30,0,30,30,0,30" density="0.1" fric="0.2" gid="-1000" id="0" name="Animation 0" rest="0.0" sensor="false"/>
        </anim>
    </sprite>
    <actor adamp="0.0" ascale="true" atlasID="0" bodytype="0" continuous="true" desc="" eventsnippetid="11" fixedrot="true" fric="0.2" gid="7" id="13" ignoreg="true" inertia="1.0" ldamp="0.0" mass="1.0" name="Pick up" oid="-1" pausable="true" physicsMode="0" rest="0.0" shared="false" sprite="14" static="true">
        <snippets/>
    </actor>
    <sprite atlasID="0" default="0" defaultAnimation="0" desc="" height="32" id="14" name="Pick up" shared="false" width="32">
        <anim across="2" down="2" durations="100,100,100,100" height="64" id="0" loop="true" name="Default" numframes="4" originx="16" originy="16" sync="false" version="2" width="64">
            <poly data="4,0,0,32,0,32,32,0,32" density="0.1" fric="0.2" gid="-1000" id="0" name="Animation 0" rest="0.0" sensor="false"/>
        </anim>
    </sprite>
    <actor adamp="0.0" ascale="true" atlasID="0" bodytype="2" continuous="true" desc="" eventsnippetid="20" fixedrot="true" fric="0.2" gid="0" id="23" ignoreg="true" inertia="1.0" ldamp="0.0" mass="1.0" name="Plauge Doctor" oid="-1" pausable="true" physicsMode="0" rest="0.0" shared="false" sprite="24" static="false">
        <snippets>
            <s enabled="true" id="4">
                <prop id="2147483647" list="0" val="thisactor"/>
                <prop id="2" list="0" val="5.0"/>
            </s>
        </snippets>
    </actor>
    <sprite atlasID="0" default="1" defaultAnimation="1" desc="" height="33" id="24" name="Plauge Doctor" shared="false" width="33">
        <anim across="3" down="2" durations="100,100,100,100,100" height="66" id="1" loop="true" name="Walking right" numframes="5" originx="16" originy="16" sync="false" version="2" width="99">
            <poly data="4,0,0,33,0,33,33,0,33" density="0.1" fric="0.2" gid="-1000" id="0" name="Walking right" rest="0.0" sensor="false"/>
        </anim>
        <anim across="3" down="2" durations="100,100,100,100,100" height="66" id="2" loop="true" name="Walking left" numframes="5" originx="16" originy="16" sync="false" version="2" width="99">
            <poly data="4,0,0,33,0,33,33,0,33" density="0.1" fric="0.2" gid="-1000" id="0" name="Walking left" rest="0.0" sensor="false"/>
        </anim>
    </sprite>
    <actor adamp="0.0" ascale="true" atlasID="0" bodytype="0" continuous="true" desc="" eventsnippetid="39" fixedrot="false" fric="0.2" gid="3" id="35" ignoreg="false" inertia="1.0" ldamp="0.0" mass="1.0" name="Spike Trap" oid="-1" pausable="true" physicsMode="0" rest="0.0" shared="false" sprite="36" static="true">
        <snippets/>
    </actor>
    <sprite atlasID="0" default="1" defaultAnimation="1" desc="" height="32" id="36" name="Spike Trap" shared="false" width="32">
        <anim across="3" down="2" durations="2000,100,100,100,100" height="64" id="1" loop="true" name="Warning" numframes="5" originx="16" originy="16" sync="false" version="2" width="96">
            <poly data="4,0,0,32,0,32,32,0,32" density="0.1" fric="0.2" gid="-1000" id="0" name="Warning" rest="0.0" sensor="false"/>
        </anim>
        <anim across="1" down="1" durations="2000" height="32" id="2" loop="true" name="Damage" numframes="1" originx="16" originy="16" sync="false" version="2" width="32">
            <poly data="4,0,0,32,0,32,32,0,32" density="0.1" fric="0.2" gid="-1000" id="0" name="Damage" rest="0.0" sensor="false"/>
        </anim>
    </sprite>
</pack>
