<?xml version="1.0" encoding="UTF-8" standalone="no"?>
<scene depth="1" desc="" eventsnippetid="8" extheight="544" extwidth="704" extx="-32" exty="-32" format="3.4.0" gravx="-0.0" gravy="0.0" height="480" id="2" name="Secret floor" revision="" savecount="0" tiled="1" tileh="32" tilew="32" type="standard" width="640">
    <layers>
        <color-bg blue="255" green="255" red="255"/>
        <layer blendMode="normal" color="100,168,234" id="0" locked="false" name="Layer 0" opacity="100" order="0" scrollFactorX="1.0" scrollFactorY="1.0" visible="true"/>
    </layers>
    <joints/>
    <regions>
        <region b="64" g="64" h="30" id="0" name="End Level" pts="4,0.0,0.0,0.0,30.0,30.0,30.0,30.0,0.0" r="64" type="box" w="30" x="578" y="448"/>
    </regions>
    <terrainRegions/>
    <actors>
        <actor a="0.0" aid="1" c="false" group="0" id="0" name="A S H 1" sx="1.0" sy="1.0" x="190" y="408" z="0"/>
        <actor a="0.0" aid="3" c="false" group="7" id="13" name="Pick up 3" sx="1.0" sy="1.0" x="246" y="149" z="0"/>
        <actor a="0.0" aid="4" c="false" group="3" id="15" name="Shop Keep 4" sx="1.0" sy="1.0" x="289" y="113" z="0"/>
        <actor a="0.0" aid="5" c="false" group="3" id="15" name="Shop Keep 5" sx="1.0" sy="1.0" x="249" y="125" z="0"/>
        <actor a="0.0" aid="6" c="false" group="3" id="15" name="Shop Keep 6" sx="1.0" sy="1.0" x="157" y="311" z="0"/>
        <actor a="0.0" aid="9" c="false" group="3" id="15" name="Shop Keep 9" sx="1.0" sy="1.0" x="206" y="218" z="0"/>
        <actor a="0.0" aid="11" c="false" group="3" id="15" name="Shop Keep 11" sx="1.0" sy="1.0" x="290" y="226" z="0"/>
        <actor a="0.0" aid="12" c="false" group="3" id="15" name="Shop Keep 12" sx="1.0" sy="1.0" x="257" y="401" z="0"/>
        <actor a="0.0" aid="13" c="false" group="3" id="15" name="Shop Keep 13" sx="1.0" sy="1.0" x="275" y="360" z="0"/>
        <actor a="0.0" aid="14" c="false" group="3" id="15" name="Shop Keep 14" sx="1.0" sy="1.0" x="268" y="319" z="0"/>
        <actor a="0.0" aid="15" c="false" group="3" id="15" name="Shop Keep 15" sx="1.0" sy="1.0" x="272" y="278" z="0"/>
        <actor a="0.0" aid="16" c="false" group="3" id="15" name="Shop Keep 16" sx="1.0" sy="1.0" x="176" y="266" z="0"/>
        <actor a="0.0" aid="17" c="false" group="3" id="15" name="Shop Keep 17" sx="1.0" sy="1.0" x="163" y="353" z="0"/>
        <actor a="0.0" aid="18" c="false" group="3" id="15" name="Shop Keep 18" sx="1.0" sy="1.0" x="163" y="386" z="0"/>
        <actor a="0.0" aid="19" c="false" group="3" id="15" name="Shop Keep 19" sx="1.0" sy="1.0" x="156" y="430" z="0"/>
        <actor a="0.0" aid="20" c="false" group="3" id="15" name="Shop Keep 20" sx="1.0" sy="1.0" x="235" y="431" z="0"/>
        <actor a="0.0" aid="24" c="false" group="3" id="15" name="Shop Keep 24" sx="1.0" sy="1.0" x="461" y="124" z="0"/>
        <actor a="0.0" aid="25" c="false" group="3" id="15" name="Shop Keep 25" sx="1.0" sy="1.0" x="391" y="210" z="0"/>
        <actor a="0.0" aid="28" c="false" group="3" id="15" name="Shop Keep 28" sx="1.0" sy="1.0" x="533" y="124" z="0"/>
        <actor a="0.0" aid="29" c="false" group="3" id="15" name="Shop Keep 29" sx="1.0" sy="1.0" x="581" y="125" z="0"/>
        <actor a="0.0" aid="31" c="false" group="3" id="15" name="Shop Keep 31" sx="1.0" sy="1.0" x="422" y="229" z="0"/>
        <actor a="0.0" aid="32" c="false" group="3" id="15" name="Shop Keep 32" sx="1.0" sy="1.0" x="502" y="119" z="0"/>
        <actor a="0.0" aid="33" c="false" group="3" id="15" name="Shop Keep 33" sx="1.0" sy="1.0" x="421" y="105" z="0"/>
        <actor a="0.0" aid="34" c="false" group="3" id="15" name="Shop Keep 34" sx="1.0" sy="1.0" x="336" y="92" z="0"/>
        <actor a="0.0" aid="35" c="false" group="3" id="15" name="Shop Keep 35" sx="1.0" sy="1.0" x="353" y="224" z="0"/>
        <actor a="0.0" aid="39" c="false" group="3" id="15" name="Shop Keep 39" sx="1.0" sy="1.0" x="506" y="225" z="0"/>
        <actor a="0.0" aid="40" c="false" group="3" id="15" name="Shop Keep 40" sx="1.0" sy="1.0" x="450" y="233" z="0"/>
        <actor a="0.0" aid="42" c="false" group="3" id="15" name="Shop Keep 42" sx="1.0" sy="1.0" x="316" y="261" z="0"/>
        <actor a="0.0" aid="43" c="false" group="3" id="15" name="Shop Keep 43" sx="1.0" sy="1.0" x="196" y="184" z="0"/>
        <actor a="0.0" aid="44" c="false" group="3" id="15" name="Shop Keep 44" sx="1.0" sy="1.0" x="211" y="127" z="0"/>
        <actor a="0.0" aid="45" c="false" group="3" id="15" name="Shop Keep 45" sx="1.0" sy="1.0" x="255" y="99" z="0"/>
        <actor a="0.0" aid="46" c="false" group="3" id="15" name="Shop Keep 46" sx="1.0" sy="1.0" x="394" y="95" z="0"/>
        <actor a="0.0" aid="47" c="false" group="3" id="15" name="Shop Keep 47" sx="1.0" sy="1.0" x="360" y="108" z="0"/>
        <actor a="0.0" aid="48" c="false" group="3" id="15" name="Shop Keep 48" sx="1.0" sy="1.0" x="529" y="265" z="0"/>
        <actor a="0.0" aid="49" c="false" group="3" id="15" name="Shop Keep 49" sx="1.0" sy="1.0" x="507" y="295" z="0"/>
        <actor a="0.0" aid="50" c="false" group="3" id="15" name="Shop Keep 50" sx="1.0" sy="1.0" x="528" y="331" z="0"/>
        <actor a="0.0" aid="51" c="false" group="3" id="15" name="Shop Keep 51" sx="1.0" sy="1.0" x="508" y="364" z="0"/>
        <actor a="0.0" aid="52" c="false" group="3" id="15" name="Shop Keep 52" sx="1.0" sy="1.0" x="525" y="386" z="0"/>
        <actor a="0.0" aid="53" c="false" group="3" id="15" name="Shop Keep 53" sx="1.0" sy="1.0" x="528" y="361" z="0"/>
        <actor a="0.0" aid="54" c="false" group="3" id="15" name="Shop Keep 54" sx="1.0" sy="1.0" x="515" y="418" z="0"/>
        <actor a="0.0" aid="55" c="false" group="3" id="15" name="Shop Keep 55" sx="1.0" sy="1.0" x="527" y="428" z="0"/>
    </actors>
    <snippets>
        <s enabled="true" id="35"/>
        <s enabled="true" id="36"/>
        <s enabled="true" id="9"/>
        <s enabled="true" id="25"/>
        <s enabled="true" id="10"/>
        <s enabled="true" id="45"/>
        <s enabled="true" id="14">
            <prop id="1" list="0" val="false"/>
        </s>
    </snippets>
    <terrain>
        <p pts="12,640.0,480.0,608.0,480.0,608.0,160.0,448.0,160.0,448.0,128.0,224.0,128.0,224.0,160.0,192.0,160.0,192.0,480.0,0.0,480.0,0.0,0.0,640.0,0.0" x="0.0" y="0.0"/>
        <p pts="6,576.0,64.0,576.0,0.0,0.0,0.0,0.0,416.0,128.0,416.0,128.0,64.0" x="32.0" y="32.0"/>
        <p pts="20,320.0,224.0,352.0,224.0,352.0,256.0,0.0,256.0,0.0,192.0,32.0,192.0,32.0,32.0,64.0,32.0,64.0,0.0,160.0,0.0,160.0,32.0,128.0,32.0,128.0,64.0,64.0,64.0,64.0,224.0,256.0,224.0,256.0,32.0,224.0,32.0,224.0,0.0,320.0,0.0" x="224.0" y="224.0"/>
    </terrain>
    <atlases members="" retainAtlases="true"/>
</scene>
