<?xml version="1.0" encoding="UTF-8" standalone="no"?>
<scene depth="2" desc="" eventsnippetid="33" extheight="544" extwidth="704" extx="-32" exty="-32" format="3.4.0" gravx="-0.0" gravy="0.0" height="480" id="12" name="Level 15" revision="" savecount="0" tiled="1" tileh="32" tilew="32" type="standard" width="640">
    <layers>
        <color-bg blue="255" green="255" red="255"/>
        <layer blendMode="normal" color="100,168,234" id="0" locked="false" name="Layer 0" opacity="100" order="1" scrollFactorX="1.0" scrollFactorY="1.0" visible="true"/>
        <layer blendMode="normal" color="0,255,0" id="1" locked="false" name="Layer 1" opacity="100" order="0" scrollFactorX="1.0" scrollFactorY="1.0" visible="true"/>
    </layers>
    <joints/>
    <regions>
        <region b="64" g="64" h="32" id="0" name="End of level" pts="4,31.0,0.0,31.0,32.0,0.0,32.0,0.0,0.0" r="64" type="box" w="31" x="288" y="0"/>
    </regions>
    <terrainRegions/>
    <actors>
        <actor a="0.0" aid="10" c="false" group="4" id="33" name="Enemy boss 1 10" sx="1.0" sy="1.0" x="268" y="41" z="1"/>
        <actor a="0.0" aid="11" c="false" group="0" id="23" name="Plauge Doctor 11" sx="1.0" sy="1.0" x="286" y="404" z="1"/>
        <actor a="0.0" aid="12" c="false" group="1" id="29" name="Door 12" sx="1.0" sy="1.0" x="288" y="0" z="1"/>
    </actors>
    <snippets>
        <s enabled="true" id="35"/>
        <s enabled="true" id="36"/>
        <s enabled="true" id="9"/>
        <s enabled="true" id="25"/>
        <s enabled="true" id="10"/>
        <s enabled="true" id="45"/>
        <s enabled="true" id="14">
            <prop id="1" list="0" val="false"/>
        </s>
    </snippets>
    <terrain>
        <p pts="12,0.0,480.0,0.0,0.0,640.0,0.0,640.0,480.0,320.0,480.0,320.0,448.0,608.0,448.0,608.0,32.0,32.0,32.0,32.0,448.0,288.0,448.0,288.0,480.0" x="0.0" y="0.0"/>
    </terrain>
    <atlases members="" retainAtlases="true"/>
</scene>
