<?xml version="1.0" encoding="UTF-8" standalone="no"?>
<scene depth="2" desc="" eventsnippetid="1" extheight="544" extwidth="704" extx="-32" exty="-32" format="3.4.0" gravx="-0.0" gravy="0.0" height="480" id="0" name="Level 1" revision="" savecount="0" tiled="1" tileh="32" tilew="32" type="standard" width="640">
    <layers>
        <color-bg blue="255" green="255" red="255"/>
        <layer blendMode="normal" color="100,168,234" id="0" locked="true" name="Layer 0" opacity="100" order="1" scrollFactorX="1.0" scrollFactorY="1.0" visible="true"/>
        <layer blendMode="normal" color="0,255,0" id="1" locked="false" name="Layer 1" opacity="100" order="0" scrollFactorX="1.0" scrollFactorY="1.0" visible="true"/>
    </layers>
    <joints/>
    <regions>
        <region b="64" g="64" h="32" id="0" name="End of level" pts="4,31.0,0.0,31.0,32.0,0.0,32.0,0.0,0.0" r="64" type="box" w="31" x="608" y="224"/>
    </regions>
    <terrainRegions/>
    <actors>
        <actor a="0.0" aid="1" c="false" group="0" id="0" name="A S H 1" sx="1.0" sy="1.0" x="225" y="224" z="1"/>
        <actor a="0.0" aid="2" c="false" group="4" id="5" name="Enemy 1 2" sx="1.0" sy="1.0" x="509" y="54" z="1"/>
        <actor a="0.0" aid="3" c="false" group="4" id="5" name="Enemy 1 3" sx="1.0" sy="1.0" x="545" y="154" z="1"/>
        <actor a="0.0" aid="4" c="false" group="4" id="5" name="Enemy 1 4" sx="1.0" sy="1.0" x="543" y="359" z="1"/>
        <actor a="0.0" aid="5" c="false" group="4" id="5" name="Enemy 1 5" sx="1.0" sy="1.0" x="512" y="256" z="1"/>
        <actor a="0.0" aid="6" c="false" group="4" id="7" name="Enemy 2 6" sx="1.0" sy="1.0" x="95" y="45" z="1"/>
        <actor a="0.0" aid="7" c="false" group="4" id="7" name="Enemy 2 7" sx="1.0" sy="1.0" x="142" y="393" z="1"/>
    </actors>
    <snippets>
        <s enabled="true" id="35"/>
        <s enabled="true" id="36"/>
        <s enabled="true" id="9"/>
        <s enabled="true" id="25"/>
        <s enabled="true" id="10"/>
        <s enabled="true" id="45"/>
        <s enabled="true" id="14">
            <prop id="1" list="0" val="false"/>
        </s>
    </snippets>
    <terrain>
        <p pts="12,608.0,448.0,608.0,256.0,640.0,256.0,640.0,480.0,0.0,480.0,0.0,0.0,640.0,0.0,640.0,224.0,608.0,224.0,608.0,32.0,32.0,32.0,32.0,448.0" x="0.0" y="0.0"/>
    </terrain>
    <atlases members="" retainAtlases="true"/>
</scene>
