<?xml version="1.0" encoding="UTF-8" standalone="no"?>
<scene depth="1" desc="" eventsnippetid="49" extheight="544" extwidth="704" extx="-32" exty="-32" format="3.4.0" gravx="-0.0" gravy="0.0" height="480" id="23" name="Level 33" revision="" savecount="0" tiled="1" tileh="32" tilew="32" type="standard" width="640">
    <layers>
        <color-bg blue="255" green="255" red="255"/>
        <layer blendMode="normal" color="100,168,234" id="0" locked="false" name="Layer 0" opacity="100" order="0" scrollFactorX="1.0" scrollFactorY="1.0" visible="true"/>
    </layers>
    <joints/>
    <regions>
        <region b="64" g="64" h="34" id="0" name="End of level" pts="4,0.0,0.0,0.0,34.0,33.0,34.0,33.0,0.0" r="64" type="box" w="33" x="94" y="-1"/>
    </regions>
    <terrainRegions/>
    <actors>
        <actor a="0.0" aid="1" c="false" group="0" id="37" name="Flame 1" sx="1.0" sy="1.0" x="571" y="221" z="0"/>
        <actor a="0.0" aid="2" c="false" group="4" id="39" name="Enemy 6 2" sx="1.0" sy="1.0" x="566" y="403" z="0"/>
        <actor a="0.0" aid="3" c="false" group="4" id="39" name="Enemy 6 3" sx="1.0" sy="1.0" x="493" y="406" z="0"/>
        <actor a="0.0" aid="4" c="false" group="4" id="39" name="Enemy 6 4" sx="1.0" sy="1.0" x="426" y="412" z="0"/>
        <actor a="0.0" aid="5" c="false" group="4" id="39" name="Enemy 6 5" sx="1.0" sy="1.0" x="530" y="342" z="0"/>
        <actor a="0.0" aid="6" c="false" group="4" id="39" name="Enemy 6 6" sx="1.0" sy="1.0" x="567" y="118" z="0"/>
        <actor a="0.0" aid="7" c="false" group="4" id="39" name="Enemy 6 7" sx="1.0" sy="1.0" x="217" y="286" z="0"/>
        <actor a="0.0" aid="8" c="false" group="4" id="39" name="Enemy 6 8" sx="1.0" sy="1.0" x="278" y="339" z="0"/>
    </actors>
    <snippets>
        <s enabled="true" id="35"/>
        <s enabled="true" id="36"/>
        <s enabled="true" id="9"/>
        <s enabled="true" id="25"/>
        <s enabled="true" id="10"/>
        <s enabled="true" id="45"/>
        <s enabled="true" id="14">
            <prop id="1" list="0" val="false"/>
        </s>
    </snippets>
    <terrain>
        <p pts="6,512.0,0.0,512.0,224.0,480.0,224.0,480.0,32.0,0.0,32.0,0.0,0.0" x="128.0" y="0.0"/>
        <p pts="10,608.0,448.0,608.0,256.0,640.0,256.0,640.0,480.0,0.0,480.0,0.0,0.0,96.0,0.0,96.0,32.0,32.0,32.0,32.0,448.0" x="0.0" y="0.0"/>
    </terrain>
    <atlases members="" retainAtlases="true"/>
</scene>
