<?xml version="1.0" encoding="UTF-8" standalone="no"?>
<scene depth="2" desc="" eventsnippetid="7" extheight="544" extwidth="704" extx="-32" exty="-32" format="3.4.0" gravx="-0.0" gravy="0.0" height="480" id="1" name="Level 2" revision="" savecount="0" tiled="1" tileh="32" tilew="32" type="standard" width="640">
    <layers>
        <color-bg blue="255" green="255" red="255"/>
        <layer blendMode="normal" color="100,168,234" id="0" locked="false" name="Layer 0" opacity="100" order="1" scrollFactorX="1.0" scrollFactorY="1.0" visible="true"/>
        <layer blendMode="normal" color="0,255,0" id="1" locked="false" name="Layer 1" opacity="100" order="0" scrollFactorX="1.0" scrollFactorY="1.0" visible="true"/>
    </layers>
    <joints/>
    <regions>
        <region b="64" g="64" h="30" id="1" name="Secret level" pts="4,0.0,0.0,0.0,30.0,30.0,30.0,30.0,0.0" r="64" type="box" w="30" x="193" y="4"/>
        <region b="64" g="64" h="32" id="2" name="End of Level" pts="4,0.0,0.0,0.0,32.0,31.0,32.0,31.0,0.0" r="64" type="box" w="31" x="576" y="447"/>
    </regions>
    <terrainRegions/>
    <actors>
        <actor a="0.0" aid="1" c="false" group="0" id="0" name="A S H 1" sx="1.0" sy="1.0" x="32" y="223" z="0"/>
        <actor a="0.0" aid="2" c="false" group="4" id="5" name="Enemy 1 2" sx="1.0" sy="1.0" x="567" y="43" z="0"/>
        <actor a="0.0" aid="3" c="false" group="4" id="5" name="Enemy 1 3" sx="1.0" sy="1.0" x="49" y="47" z="0"/>
        <actor a="0.0" aid="4" c="false" group="4" id="5" name="Enemy 1 4" sx="1.0" sy="1.0" x="42" y="405" z="0"/>
        <actor a="0.0" aid="6" c="false" group="4" id="7" name="Enemy 2 6" sx="1.0" sy="1.0" x="315" y="220" z="0"/>
        <actor a="0.0" aid="7" c="false" group="4" id="5" name="Enemy 1 7" sx="1.0" sy="1.0" x="567" y="405" z="0"/>
        <actor a="0.0" aid="8" c="false" group="4" id="7" name="Enemy 2 8" sx="1.0" sy="1.0" x="369" y="367" z="0"/>
        <actor a="0.0" aid="9" c="false" group="4" id="7" name="Enemy 2 9" sx="1.0" sy="1.0" x="186" y="120" z="0"/>
    </actors>
    <snippets>
        <s enabled="true" id="35"/>
        <s enabled="true" id="36"/>
        <s enabled="true" id="9"/>
        <s enabled="true" id="25"/>
        <s enabled="true" id="10"/>
        <s enabled="true" id="45"/>
        <s enabled="true" id="14">
            <prop id="1" list="0" val="false"/>
        </s>
    </snippets>
    <terrain>
        <p pts="6,576.0,192.0,576.0,224.0,0.0,224.0,0.0,0.0,32.0,0.0,32.0,192.0" x="0.0" y="256.0"/>
        <p pts="8,0.0,0.0,640.0,0.0,640.0,480.0,608.0,480.0,608.0,32.0,32.0,32.0,32.0,224.0,0.0,224.0" x="0.0" y="0.0"/>
    </terrain>
    <atlases members="" retainAtlases="true"/>
</scene>
