<?xml version="1.0" encoding="UTF-8" standalone="no"?>
<scene depth="1" desc="" eventsnippetid="52" extheight="544" extwidth="704" extx="-32" exty="-32" format="3.4.0" gravx="-0.0" gravy="0.0" height="480" id="25" name="Level 35" revision="" savecount="0" tiled="1" tileh="32" tilew="32" type="standard" width="640">
    <layers>
        <color-bg blue="255" green="255" red="255"/>
        <layer blendMode="normal" color="100,168,234" id="0" locked="false" name="Layer 0" opacity="100" order="0" scrollFactorX="1.0" scrollFactorY="1.0" visible="true"/>
    </layers>
    <joints/>
    <regions>
        <region b="64" g="64" h="31" id="0" name="End of level" pts="4,33.0,0.0,33.0,31.0,0.0,31.0,0.0,0.0" r="64" type="box" w="33" x="606" y="384"/>
    </regions>
    <terrainRegions/>
    <actors>
        <actor a="0.0" aid="1" c="false" group="0" id="37" name="Flame 1" sx="1.0" sy="1.0" x="47" y="387" z="0"/>
        <actor a="0.0" aid="2" c="false" group="4" id="39" name="Enemy 6 2" sx="1.0" sy="1.0" x="541" y="405" z="0"/>
        <actor a="0.0" aid="3" c="false" group="4" id="39" name="Enemy 6 3" sx="1.0" sy="1.0" x="459" y="404" z="0"/>
        <actor a="0.0" aid="4" c="false" group="4" id="39" name="Enemy 6 4" sx="1.0" sy="1.0" x="542" y="330" z="0"/>
        <actor a="0.0" aid="5" c="false" group="4" id="39" name="Enemy 6 5" sx="1.0" sy="1.0" x="488" y="319" z="0"/>
        <actor a="0.0" aid="6" c="false" group="4" id="39" name="Enemy 6 6" sx="1.0" sy="1.0" x="545" y="223" z="0"/>
        <actor a="0.0" aid="7" c="false" group="4" id="39" name="Enemy 6 7" sx="1.0" sy="1.0" x="511" y="284" z="0"/>
        <actor a="0.0" aid="8" c="false" group="4" id="39" name="Enemy 6 8" sx="1.0" sy="1.0" x="464" y="208" z="0"/>
        <actor a="0.0" aid="9" c="false" group="4" id="39" name="Enemy 6 9" sx="1.0" sy="1.0" x="435" y="275" z="0"/>
        <actor a="0.0" aid="10" c="false" group="4" id="39" name="Enemy 6 10" sx="1.0" sy="1.0" x="431" y="356" z="0"/>
        <actor a="0.0" aid="11" c="false" group="4" id="39" name="Enemy 6 11" sx="1.0" sy="1.0" x="489" y="364" z="0"/>
        <actor a="0.0" aid="12" c="false" group="4" id="39" name="Enemy 6 12" sx="1.0" sy="1.0" x="519" y="147" z="0"/>
        <actor a="0.0" aid="14" c="false" group="4" id="39" name="Enemy 6 14" sx="1.0" sy="1.0" x="552" y="184" z="0"/>
        <actor a="0.0" aid="16" c="false" group="4" id="39" name="Enemy 6 16" sx="1.0" sy="1.0" x="144" y="157" z="0"/>
        <actor a="0.0" aid="17" c="false" group="4" id="39" name="Enemy 6 17" sx="1.0" sy="1.0" x="165" y="106" z="0"/>
        <actor a="0.0" aid="18" c="false" group="4" id="39" name="Enemy 6 18" sx="1.0" sy="1.0" x="306" y="107" z="0"/>
        <actor a="0.0" aid="19" c="false" group="4" id="39" name="Enemy 6 19" sx="1.0" sy="1.0" x="296" y="207" z="0"/>
        <actor a="0.0" aid="20" c="false" group="4" id="39" name="Enemy 6 20" sx="1.0" sy="1.0" x="192" y="215" z="0"/>
        <actor a="0.0" aid="21" c="false" group="4" id="39" name="Enemy 6 21" sx="1.0" sy="1.0" x="246" y="140" z="0"/>
        <actor a="0.0" aid="22" c="false" group="4" id="39" name="Enemy 6 22" sx="1.0" sy="1.0" x="399" y="130" z="0"/>
        <actor a="0.0" aid="23" c="false" group="4" id="39" name="Enemy 6 23" sx="1.0" sy="1.0" x="411" y="220" z="0"/>
        <actor a="0.0" aid="24" c="false" group="4" id="39" name="Enemy 6 24" sx="1.0" sy="1.0" x="314" y="292" z="0"/>
        <actor a="0.0" aid="25" c="false" group="4" id="39" name="Enemy 6 25" sx="1.0" sy="1.0" x="356" y="169" z="0"/>
        <actor a="0.0" aid="26" c="false" group="4" id="39" name="Enemy 6 26" sx="1.0" sy="1.0" x="377" y="294" z="0"/>
        <actor a="0.0" aid="27" c="false" group="4" id="39" name="Enemy 6 27" sx="1.0" sy="1.0" x="239" y="287" z="0"/>
        <actor a="0.0" aid="29" c="false" group="4" id="39" name="Enemy 6 29" sx="1.0" sy="1.0" x="153" y="244" z="0"/>
        <actor a="0.0" aid="30" c="false" group="4" id="39" name="Enemy 6 30" sx="1.0" sy="1.0" x="198" y="279" z="0"/>
        <actor a="0.0" aid="31" c="false" group="4" id="39" name="Enemy 6 31" sx="1.0" sy="1.0" x="343" y="232" z="0"/>
        <actor a="0.0" aid="32" c="false" group="4" id="39" name="Enemy 6 32" sx="1.0" sy="1.0" x="239" y="244" z="0"/>
        <actor a="0.0" aid="33" c="false" group="4" id="39" name="Enemy 6 33" sx="1.0" sy="1.0" x="429" y="162" z="0"/>
        <actor a="0.0" aid="34" c="false" group="4" id="39" name="Enemy 6 34" sx="1.0" sy="1.0" x="487" y="87" z="0"/>
        <actor a="0.0" aid="35" c="false" group="4" id="39" name="Enemy 6 35" sx="1.0" sy="1.0" x="414" y="64" z="0"/>
        <actor a="0.0" aid="36" c="false" group="4" id="39" name="Enemy 6 36" sx="1.0" sy="1.0" x="359" y="64" z="0"/>
        <actor a="0.0" aid="37" c="false" group="4" id="39" name="Enemy 6 37" sx="1.0" sy="1.0" x="348" y="91" z="0"/>
        <actor a="0.0" aid="38" c="false" group="4" id="39" name="Enemy 6 38" sx="1.0" sy="1.0" x="265" y="71" z="0"/>
        <actor a="0.0" aid="39" c="false" group="4" id="39" name="Enemy 6 39" sx="1.0" sy="1.0" x="298" y="41" z="0"/>
        <actor a="0.0" aid="40" c="false" group="4" id="39" name="Enemy 6 40" sx="1.0" sy="1.0" x="217" y="105" z="0"/>
        <actor a="0.0" aid="41" c="false" group="4" id="39" name="Enemy 6 41" sx="1.0" sy="1.0" x="216" y="40" z="0"/>
        <actor a="0.0" aid="42" c="false" group="4" id="39" name="Enemy 6 42" sx="1.0" sy="1.0" x="192" y="157" z="0"/>
        <actor a="0.0" aid="44" c="false" group="4" id="39" name="Enemy 6 44" sx="1.0" sy="1.0" x="173" y="51" z="0"/>
        <actor a="0.0" aid="48" c="false" group="4" id="39" name="Enemy 6 48" sx="1.0" sy="1.0" x="350" y="333" z="0"/>
        <actor a="0.0" aid="49" c="false" group="4" id="39" name="Enemy 6 49" sx="1.0" sy="1.0" x="384" y="380" z="0"/>
        <actor a="0.0" aid="50" c="false" group="4" id="39" name="Enemy 6 50" sx="1.0" sy="1.0" x="272" y="406" z="0"/>
        <actor a="0.0" aid="51" c="false" group="4" id="39" name="Enemy 6 51" sx="1.0" sy="1.0" x="306" y="367" z="0"/>
    </actors>
    <snippets>
        <s enabled="true" id="35"/>
        <s enabled="true" id="36"/>
        <s enabled="true" id="9"/>
        <s enabled="true" id="25"/>
        <s enabled="true" id="10"/>
        <s enabled="true" id="45"/>
        <s enabled="true" id="14">
            <prop id="1" list="0" val="false"/>
        </s>
    </snippets>
    <terrain>
        <p pts="12,32.0,416.0,32.0,448.0,608.0,448.0,608.0,32.0,32.0,32.0,32.0,384.0,0.0,384.0,0.0,0.0,640.0,0.0,640.0,480.0,0.0,480.0,0.0,416.0" x="0.0" y="0.0"/>
    </terrain>
    <atlases members="" retainAtlases="true"/>
</scene>
