<?xml version="1.0" encoding="UTF-8" standalone="no"?>
<scene depth="2" desc="" eventsnippetid="30" extheight="544" extwidth="704" extx="-32" exty="-32" format="3.4.0" gravx="-0.0" gravy="0.0" height="480" id="9" name="Level 5" revision="" savecount="0" tiled="1" tileh="32" tilew="32" type="standard" width="640">
    <layers>
        <color-bg blue="255" green="255" red="255"/>
        <layer blendMode="normal" color="100,168,234" id="0" locked="false" name="Layer 0" opacity="100" order="1" scrollFactorX="1.0" scrollFactorY="1.0" visible="true"/>
        <layer blendMode="normal" color="0,255,0" id="1" locked="false" name="Layer 1" opacity="100" order="0" scrollFactorX="1.0" scrollFactorY="1.0" visible="true"/>
    </layers>
    <joints/>
    <regions/>
    <terrainRegions/>
    <actors>
        <actor a="0.0" aid="1" c="false" group="0" id="0" name="A S H 1" sx="1.0" sy="1.0" x="289" y="35" z="1"/>
        <actor a="0.0" aid="2" c="false" group="4" id="42" name="Enemy boss 2 2" sx="1.0" sy="1.0" x="274" y="182" z="1"/>
        <actor a="0.0" aid="3" c="false" group="10" id="44" name="Enemy boss 2 tentacle 3" sx="1.0" sy="1.0" x="367" y="185" z="0"/>
        <actor a="0.0" aid="4" c="false" group="10" id="44" name="Enemy boss 2 tentacle 4" sx="1.0" sy="1.0" x="399" y="169" z="0"/>
        <actor a="0.0" aid="5" c="false" group="10" id="44" name="Enemy boss 2 tentacle 5" sx="1.0" sy="1.0" x="431" y="153" z="0"/>
        <actor a="0.0" aid="6" c="false" group="10" id="44" name="Enemy boss 2 tentacle 6" sx="1.0" sy="1.0" x="463" y="137" z="0"/>
        <actor a="0.0" aid="7" c="false" group="10" id="44" name="Enemy boss 2 tentacle 7" sx="1.0" sy="1.0" x="495" y="121" z="0"/>
        <actor a="0.0" aid="8" c="false" group="10" id="44" name="Enemy boss 2 tentacle 8" sx="1.0" sy="1.0" x="527" y="105" z="0"/>
        <actor a="0.0" aid="9" c="false" group="10" id="46" name="Enemy boss 2 tentacle 2 9" sx="1.0" sy="1.0" x="248" y="198" z="0"/>
        <actor a="0.0" aid="10" c="false" group="10" id="46" name="Enemy boss 2 tentacle 2 10" sx="1.0" sy="1.0" x="216" y="182" z="0"/>
        <actor a="0.0" aid="11" c="false" group="10" id="46" name="Enemy boss 2 tentacle 2 11" sx="1.0" sy="1.0" x="184" y="166" z="0"/>
        <actor a="0.0" aid="12" c="false" group="10" id="46" name="Enemy boss 2 tentacle 2 12" sx="1.0" sy="1.0" x="152" y="150" z="0"/>
        <actor a="0.0" aid="13" c="false" group="10" id="46" name="Enemy boss 2 tentacle 2 13" sx="1.0" sy="1.0" x="120" y="134" z="0"/>
        <actor a="0.0" aid="14" c="false" group="10" id="46" name="Enemy boss 2 tentacle 2 14" sx="1.0" sy="1.0" x="88" y="118" z="0"/>
        <actor a="0.0" aid="15" c="false" group="10" id="48" name="Enemy boss 2 tentacle 3 15" sx="1.0" sy="1.0" x="248" y="234" z="0"/>
        <actor a="0.0" aid="16" c="false" group="10" id="48" name="Enemy boss 2 tentacle 3 16" sx="1.0" sy="1.0" x="216" y="248" z="0"/>
        <actor a="0.0" aid="17" c="false" group="10" id="48" name="Enemy boss 2 tentacle 3 17" sx="1.0" sy="1.0" x="184" y="264" z="0"/>
        <actor a="0.0" aid="18" c="false" group="10" id="48" name="Enemy boss 2 tentacle 3 18" sx="1.0" sy="1.0" x="152" y="279" z="0"/>
        <actor a="0.0" aid="19" c="false" group="10" id="48" name="Enemy boss 2 tentacle 3 19" sx="1.0" sy="1.0" x="120" y="295" z="0"/>
        <actor a="0.0" aid="20" c="false" group="10" id="48" name="Enemy boss 2 tentacle 3 20" sx="1.0" sy="1.0" x="88" y="310" z="0"/>
        <actor a="0.0" aid="21" c="false" group="10" id="50" name="Enemy boss 2 tentacle 4 21" sx="1.0" sy="1.0" x="364" y="233" z="0"/>
        <actor a="0.0" aid="22" c="false" group="10" id="50" name="Enemy boss 2 tentacle 4 22" sx="1.0" sy="1.0" x="396" y="249" z="0"/>
        <actor a="0.0" aid="23" c="false" group="10" id="50" name="Enemy boss 2 tentacle 4 23" sx="1.0" sy="1.0" x="428" y="265" z="0"/>
        <actor a="0.0" aid="24" c="false" group="10" id="50" name="Enemy boss 2 tentacle 4 24" sx="1.0" sy="1.0" x="460" y="281" z="0"/>
        <actor a="0.0" aid="25" c="false" group="10" id="50" name="Enemy boss 2 tentacle 4 25" sx="1.0" sy="1.0" x="492" y="297" z="0"/>
        <actor a="0.0" aid="26" c="false" group="10" id="50" name="Enemy boss 2 tentacle 4 26" sx="1.0" sy="1.0" x="524" y="313" z="0"/>
    </actors>
    <snippets>
        <s enabled="true" id="35"/>
        <s enabled="true" id="36"/>
        <s enabled="true" id="9"/>
        <s enabled="true" id="25"/>
        <s enabled="true" id="10"/>
        <s enabled="true" id="45"/>
        <s enabled="true" id="14">
            <prop id="1" list="0" val="false"/>
        </s>
    </snippets>
    <terrain>
        <p pts="12,32.0,448.0,608.0,448.0,608.0,32.0,320.0,32.0,320.0,0.0,640.0,0.0,640.0,480.0,0.0,480.0,0.0,0.0,288.0,0.0,288.0,32.0,32.0,32.0" x="0.0" y="0.0"/>
    </terrain>
    <atlases members="" retainAtlases="true"/>
</scene>
