<?xml version="1.0" encoding="UTF-8" standalone="no"?>
<scene depth="1" desc="" eventsnippetid="48" extheight="544" extwidth="704" extx="-32" exty="-32" format="3.4.0" gravx="-0.0" gravy="0.0" height="480" id="22" name="Level 34" revision="" savecount="0" tiled="1" tileh="32" tilew="32" type="standard" width="640">
    <layers>
        <color-bg blue="255" green="255" red="255"/>
        <layer blendMode="normal" color="100,168,234" id="0" locked="false" name="Layer 0" opacity="100" order="0" scrollFactorX="1.0" scrollFactorY="1.0" visible="true"/>
    </layers>
    <joints/>
    <regions>
        <region b="64" g="64" h="31" id="0" name="End of level" pts="4,33.0,0.0,33.0,31.0,0.0,31.0,0.0,0.0" r="64" type="box" w="33" x="606" y="384"/>
    </regions>
    <terrainRegions/>
    <actors>
        <actor a="0.0" aid="1" c="false" group="0" id="37" name="Flame 1" sx="1.0" sy="1.0" x="94" y="410" z="0"/>
        <actor a="0.0" aid="2" c="false" group="4" id="39" name="Enemy 6 2" sx="1.0" sy="1.0" x="541" y="405" z="0"/>
        <actor a="0.0" aid="3" c="false" group="4" id="39" name="Enemy 6 3" sx="1.0" sy="1.0" x="459" y="404" z="0"/>
        <actor a="0.0" aid="4" c="false" group="4" id="39" name="Enemy 6 4" sx="1.0" sy="1.0" x="542" y="330" z="0"/>
        <actor a="0.0" aid="5" c="false" group="4" id="39" name="Enemy 6 5" sx="1.0" sy="1.0" x="488" y="319" z="0"/>
        <actor a="0.0" aid="6" c="false" group="4" id="39" name="Enemy 6 6" sx="1.0" sy="1.0" x="545" y="223" z="0"/>
        <actor a="0.0" aid="7" c="false" group="4" id="39" name="Enemy 6 7" sx="1.0" sy="1.0" x="511" y="284" z="0"/>
        <actor a="0.0" aid="8" c="false" group="4" id="39" name="Enemy 6 8" sx="1.0" sy="1.0" x="464" y="208" z="0"/>
        <actor a="0.0" aid="9" c="false" group="4" id="39" name="Enemy 6 9" sx="1.0" sy="1.0" x="435" y="275" z="0"/>
        <actor a="0.0" aid="10" c="false" group="4" id="39" name="Enemy 6 10" sx="1.0" sy="1.0" x="431" y="356" z="0"/>
        <actor a="0.0" aid="11" c="false" group="4" id="39" name="Enemy 6 11" sx="1.0" sy="1.0" x="489" y="364" z="0"/>
        <actor a="0.0" aid="12" c="false" group="4" id="39" name="Enemy 6 12" sx="1.0" sy="1.0" x="519" y="147" z="0"/>
        <actor a="0.0" aid="14" c="false" group="4" id="39" name="Enemy 6 14" sx="1.0" sy="1.0" x="552" y="184" z="0"/>
    </actors>
    <snippets>
        <s enabled="true" id="35"/>
        <s enabled="true" id="36"/>
        <s enabled="true" id="9"/>
        <s enabled="true" id="25"/>
        <s enabled="true" id="10"/>
        <s enabled="true" id="45"/>
        <s enabled="true" id="14">
            <prop id="1" list="0" val="false"/>
        </s>
    </snippets>
    <terrain>
        <p pts="10,608.0,32.0,32.0,32.0,32.0,448.0,96.0,448.0,96.0,480.0,0.0,480.0,0.0,0.0,640.0,0.0,640.0,384.0,608.0,384.0" x="0.0" y="0.0"/>
        <p pts="6,0.0,64.0,0.0,32.0,480.0,32.0,480.0,0.0,512.0,0.0,512.0,64.0" x="128.0" y="416.0"/>
    </terrain>
    <atlases members="" retainAtlases="true"/>
</scene>
