<?xml version="1.0" encoding="UTF-8" standalone="no"?>
<scene depth="1" desc="" eventsnippetid="13" extheight="544" extwidth="704" extx="-32" exty="-32" format="3.4.0" gravx="-0.0" gravy="0.0" height="480" id="3" name="Level 3" revision="" savecount="0" tiled="1" tileh="32" tilew="32" type="standard" width="640">
    <layers>
        <color-bg blue="255" green="255" red="255"/>
        <layer blendMode="normal" color="100,168,234" id="0" locked="false" name="Layer 0" opacity="100" order="0" scrollFactorX="1.0" scrollFactorY="1.0" visible="true"/>
    </layers>
    <joints/>
    <regions>
        <region b="64" g="64" h="30" id="0" name="End of level" pts="4,0.0,0.0,0.0,30.0,30.0,30.0,30.0,0.0" r="64" type="box" w="30" x="33" y="447"/>
    </regions>
    <terrainRegions/>
    <actors>
        <actor a="0.0" aid="1" c="false" group="0" id="0" name="A S H 1" sx="1.0" sy="1.0" x="574" y="39" z="0"/>
        <actor a="0.0" aid="2" c="false" group="4" id="5" name="Enemy 1 2" sx="1.0" sy="1.0" x="557" y="397" z="0"/>
        <actor a="0.0" aid="3" c="false" group="4" id="5" name="Enemy 1 3" sx="1.0" sy="1.0" x="464" y="302" z="0"/>
        <actor a="0.0" aid="4" c="false" group="4" id="5" name="Enemy 1 4" sx="1.0" sy="1.0" x="228" y="48" z="0"/>
        <actor a="0.0" aid="5" c="false" group="4" id="5" name="Enemy 1 5" sx="1.0" sy="1.0" x="85" y="215" z="0"/>
        <actor a="0.0" aid="6" c="false" group="4" id="5" name="Enemy 1 6" sx="1.0" sy="1.0" x="278" y="230" z="0"/>
        <actor a="0.0" aid="7" c="false" group="4" id="7" name="Enemy 2 7" sx="1.0" sy="1.0" x="506" y="384" z="0"/>
        <actor a="0.0" aid="8" c="false" group="4" id="7" name="Enemy 2 8" sx="1.0" sy="1.0" x="318" y="322" z="0"/>
        <actor a="0.0" aid="9" c="false" group="4" id="7" name="Enemy 2 9" sx="1.0" sy="1.0" x="164" y="156" z="0"/>
        <actor a="0.0" aid="10" c="false" group="4" id="5" name="Enemy 1 10" sx="1.0" sy="1.0" x="238" y="380" z="0"/>
        <actor a="0.0" aid="11" c="false" group="4" id="7" name="Enemy 2 11" sx="1.0" sy="1.0" x="87" y="339" z="0"/>
    </actors>
    <snippets>
        <s enabled="true" id="35"/>
        <s enabled="true" id="36"/>
        <s enabled="true" id="9"/>
        <s enabled="true" id="25"/>
        <s enabled="true" id="10"/>
        <s enabled="true" id="45"/>
        <s enabled="true" id="14">
            <prop id="1" list="0" val="false"/>
        </s>
    </snippets>
    <terrain>
        <p pts="6,544.0,448.0,544.0,0.0,576.0,0.0,576.0,480.0,0.0,480.0,0.0,448.0" x="64.0" y="0.0"/>
        <p pts="6,576.0,0.0,576.0,32.0,32.0,32.0,32.0,480.0,0.0,480.0,0.0,0.0" x="0.0" y="0.0"/>
    </terrain>
    <atlases members="" retainAtlases="true"/>
</scene>
