<?xml version="1.0" encoding="UTF-8" standalone="no"?>
<scene depth="1" desc="" eventsnippetid="32" extheight="544" extwidth="704" extx="-32" exty="-32" format="3.4.0" gravx="-0.0" gravy="0.0" height="480" id="11" name="Level 14" revision="" savecount="0" tiled="1" tileh="32" tilew="32" type="standard" width="640">
    <layers>
        <color-bg blue="255" green="255" red="255"/>
        <layer blendMode="normal" color="100,168,234" id="0" locked="false" name="Layer 0" opacity="100" order="0" scrollFactorX="1.0" scrollFactorY="1.0" visible="true"/>
    </layers>
    <joints/>
    <regions>
        <region b="64" g="64" h="33" id="0" name="End of level" pts="4,32.0,0.0,32.0,33.0,0.0,33.0,0.0,0.0" r="64" type="box" w="32" x="288" y="1"/>
    </regions>
    <terrainRegions/>
    <actors>
        <actor a="0.0" aid="3" c="false" group="0" id="23" name="Plauge Doctor 3" sx="1.0" sy="1.0" x="560" y="379" z="0"/>
        <actor a="0.0" aid="4" c="false" group="4" id="19" name="Enemy 3 4" sx="1.0" sy="1.0" x="285" y="122" z="0"/>
        <actor a="0.0" aid="5" c="false" group="4" id="31" name="Enemy 4 5" sx="1.0" sy="1.0" x="490" y="82" z="0"/>
        <actor a="0.0" aid="6" c="false" group="4" id="31" name="Enemy 4 6" sx="1.0" sy="1.0" x="287" y="292" z="0"/>
        <actor a="0.0" aid="7" c="false" group="4" id="31" name="Enemy 4 7" sx="1.0" sy="1.0" x="112" y="85" z="0"/>
        <actor a="0.0" aid="8" c="false" group="4" id="19" name="Enemy 3 8" sx="1.0" sy="1.0" x="122" y="248" z="0"/>
        <actor a="0.0" aid="9" c="false" group="4" id="19" name="Enemy 3 9" sx="1.0" sy="1.0" x="486" y="255" z="0"/>
    </actors>
    <snippets>
        <s enabled="true" id="35"/>
        <s enabled="true" id="36"/>
        <s enabled="true" id="9"/>
        <s enabled="true" id="25"/>
        <s enabled="true" id="10"/>
        <s enabled="true" id="45"/>
        <s enabled="true" id="14">
            <prop id="1" list="0" val="false"/>
        </s>
    </snippets>
    <terrain>
        <p pts="6,288.0,32.0,0.0,32.0,0.0,0.0,320.0,0.0,320.0,384.0,288.0,384.0" x="320.0" y="0.0"/>
        <p pts="10,0.0,480.0,0.0,0.0,288.0,0.0,288.0,32.0,32.0,32.0,32.0,448.0,608.0,448.0,608.0,416.0,640.0,416.0,640.0,480.0" x="0.0" y="0.0"/>
    </terrain>
    <atlases members="" retainAtlases="true"/>
</scene>
