<?xml version="1.0" encoding="UTF-8" standalone="no"?>
<scenes>
    <scene desc="" format="3.4.0" id="0" name="Level 1"/>
    <scene desc="" format="3.4.0" id="1" name="Level 2"/>
    <scene desc="" format="3.4.0" id="2" name="Secret floor"/>
    <scene desc="" format="3.4.0" id="3" name="Level 3"/>
    <scene desc="" format="3.4.0" id="4" name="Beggining"/>
    <scene desc="" format="3.4.0" id="5" name="Level 4"/>
    <scene desc="" format="3.4.0" id="6" name="Level 11"/>
    <scene desc="" format="3.4.0" id="7" name="Level 12"/>
    <scene desc="" format="3.4.0" id="8" name="Level 13"/>
    <scene desc="" format="3.4.0" id="9" name="Level 5"/>
    <scene desc="" format="3.4.0" id="10" name="Beggining 2"/>
    <scene desc="" format="3.4.0" id="11" name="Level 14"/>
    <scene desc="" format="3.4.0" id="12" name="Level 15"/>
    <scene desc="" format="3.4.0" id="13" name="Select champion"/>
    <scene desc="" format="3.4.0" id="14" name="Beggining 3"/>
    <scene desc="" format="3.4.0" id="15" name="Beggining 4"/>
    <scene desc="" format="3.4.0" id="16" name="Level 20"/>
    <scene desc="" format="3.4.0" id="17" name="Beggining 5"/>
    <scene desc="" format="3.4.0" id="18" name="Beggining 6"/>
    <scene desc="" format="3.4.0" id="19" name="Level 30"/>
    <scene desc="" format="3.4.0" id="20" name="Level 31"/>
    <scene desc="" format="3.4.0" id="21" name="Level 32"/>
    <scene desc="" format="3.4.0" id="22" name="Level 34"/>
    <scene desc="" format="3.4.0" id="23" name="Level 33"/>
    <scene desc="" format="3.4.0" id="24" name="Level 16"/>
    <scene desc="" format="3.4.0" id="25" name="Level 35"/>
    <scene desc="" format="3.4.0" id="26" name="SPECIAL"/>
    <scene desc="" format="3.4.0" id="27" name="Level 40"/>
    <scene desc="" format="3.4.0" id="28" name="Beggining 7"/>
    <scene desc="" format="3.4.0" id="29" name="Beggining 8"/>
</scenes>
