<?xml version="1.0" encoding="UTF-8" standalone="no"?>
<scene depth="1" desc="" eventsnippetid="34" extheight="544" extwidth="704" extx="-32" exty="-32" format="3.4.0" gravx="-0.0" gravy="0.0" height="480" id="13" name="Select champion" revision="" savecount="0" tiled="1" tileh="32" tilew="32" type="standard" width="640">
    <layers>
        <color-bg blue="255" green="255" red="255"/>
        <layer blendMode="normal" color="100,168,234" id="0" locked="false" name="Layer 0" opacity="100" order="0" scrollFactorX="1.0" scrollFactorY="1.0" visible="true"/>
    </layers>
    <joints/>
    <regions>
        <region b="64" g="64" h="34" id="0" name="Ash level" pts="4,0.0,0.0,0.0,34.0,31.0,34.0,31.0,0.0" r="64" type="box" w="31" x="64" y="0"/>
        <region b="64" g="64" h="33" id="1" name="PD level" pts="4,0.0,0.0,0.0,33.0,30.0,33.0,30.0,0.0" r="64" type="box" w="30" x="544" y="221"/>
        <region b="64" g="64" h="33" id="2" name="Flame level" pts="4,0.0,0.0,0.0,33.0,34.0,33.0,34.0,0.0" r="64" type="box" w="34" x="286" y="287"/>
    </regions>
    <terrainRegions/>
    <actors>
        <actor a="0.0" aid="1" c="false" group="0" id="0" name="A S H 1" sx="1.0" sy="1.0" x="145" y="116" z="0"/>
        <actor a="0.0" aid="2" c="false" group="0" id="23" name="Plauge Doctor 2" sx="1.0" sy="1.0" x="466" y="115" z="0"/>
        <actor a="0.0" aid="3" c="false" group="0" id="37" name="Flame 3" sx="1.0" sy="1.0" x="137" y="352" z="0"/>
    </actors>
    <snippets>
        <s enabled="true" id="35"/>
        <s enabled="true" id="36"/>
        <s enabled="true" id="9"/>
        <s enabled="true" id="25"/>
        <s enabled="true" id="10"/>
        <s enabled="true" id="45"/>
        <s enabled="true" id="14">
            <prop id="1" list="0" val="false"/>
        </s>
    </snippets>
    <terrain>
        <p pts="28,608.0,224.0,608.0,32.0,352.0,32.0,352.0,224.0,544.0,224.0,544.0,256.0,320.0,256.0,320.0,288.0,32.0,288.0,32.0,448.0,288.0,448.0,288.0,320.0,320.0,320.0,320.0,480.0,0.0,480.0,0.0,0.0,64.0,0.0,64.0,32.0,32.0,32.0,32.0,224.0,288.0,224.0,288.0,32.0,96.0,32.0,96.0,0.0,640.0,0.0,640.0,256.0,576.0,256.0,576.0,224.0" x="0.0" y="0.0"/>
    </terrain>
    <atlases members="" retainAtlases="true"/>
</scene>
