<?xml version="1.0" encoding="UTF-8" standalone="no"?>
<scene depth="1" desc="" eventsnippetid="44" extheight="544" extwidth="704" extx="-32" exty="-32" format="3.4.0" gravx="-0.0" gravy="0.0" height="480" id="19" name="Level 30" revision="" savecount="0" tiled="1" tileh="32" tilew="32" type="standard" width="640">
    <layers>
        <color-bg blue="255" green="255" red="255"/>
        <layer blendMode="normal" color="100,168,234" id="0" locked="false" name="Layer 0" opacity="100" order="0" scrollFactorX="1.0" scrollFactorY="1.0" visible="true"/>
    </layers>
    <joints/>
    <regions>
        <region b="64" g="64" h="34" id="0" name="End of Level" pts="4,0.0,0.0,0.0,34.0,30.0,34.0,30.0,0.0" r="64" type="box" w="30" x="576" y="-1"/>
    </regions>
    <terrainRegions/>
    <actors>
        <actor a="0.0" aid="1" c="false" group="0" id="37" name="Flame 1" sx="1.0" sy="1.0" x="65" y="395" z="0"/>
        <actor a="0.0" aid="2" c="false" group="4" id="39" name="Enemy 6 2" sx="1.0" sy="1.0" x="544" y="398" z="0"/>
        <actor a="0.0" aid="3" c="false" group="4" id="39" name="Enemy 6 3" sx="1.0" sy="1.0" x="57" y="91" z="0"/>
        <actor a="0.0" aid="4" c="false" group="4" id="39" name="Enemy 6 4" sx="1.0" sy="1.0" x="294" y="70" z="0"/>
    </actors>
    <snippets>
        <s enabled="true" id="35"/>
        <s enabled="true" id="36"/>
        <s enabled="true" id="9"/>
        <s enabled="true" id="25"/>
        <s enabled="true" id="10"/>
        <s enabled="true" id="45"/>
        <s enabled="true" id="14">
            <prop id="1" list="0" val="false"/>
        </s>
    </snippets>
    <terrain>
        <p pts="10,576.0,0.0,576.0,32.0,32.0,32.0,32.0,448.0,608.0,448.0,608.0,0.0,640.0,0.0,640.0,480.0,0.0,480.0,0.0,0.0" x="0.0" y="0.0"/>
    </terrain>
    <atlases members="" retainAtlases="true"/>
</scene>
