<?xml version="1.0" encoding="UTF-8" standalone="no"?>
<scene depth="1" desc="" eventsnippetid="27" extheight="544" extwidth="704" extx="-32" exty="-32" format="3.4.0" gravx="-0.0" gravy="0.0" height="480" id="8" name="Level 13" revision="" savecount="0" tiled="1" tileh="32" tilew="32" type="standard" width="640">
    <layers>
        <color-bg blue="255" green="255" red="255"/>
        <layer blendMode="normal" color="100,168,234" id="0" locked="false" name="Layer 0" opacity="100" order="0" scrollFactorX="1.0" scrollFactorY="1.0" visible="true"/>
    </layers>
    <joints/>
    <regions>
        <region b="64" g="64" h="34" id="0" name="End of level" pts="4,0.0,0.0,0.0,34.0,31.0,34.0,31.0,0.0" r="64" type="box" w="31" x="1" y="383"/>
    </regions>
    <terrainRegions/>
    <actors>
        <actor a="0.0" aid="1" c="false" group="0" id="23" name="Plauge Doctor 1" sx="1.0" sy="1.0" x="565" y="34" z="0"/>
        <actor a="0.0" aid="2" c="false" group="4" id="31" name="Enemy 4 2" sx="1.0" sy="1.0" x="272" y="236" z="0"/>
        <actor a="0.0" aid="3" c="false" group="4" id="19" name="Enemy 3 3" sx="1.0" sy="1.0" x="72" y="154" z="0"/>
        <actor a="0.0" aid="4" c="false" group="4" id="19" name="Enemy 3 4" sx="1.0" sy="1.0" x="378" y="386" z="0"/>
        <actor a="0.0" aid="5" c="false" group="4" id="19" name="Enemy 3 5" sx="1.0" sy="1.0" x="565" y="145" z="0"/>
        <actor a="0.0" aid="6" c="false" group="4" id="19" name="Enemy 3 6" sx="1.0" sy="1.0" x="378" y="39" z="0"/>
    </actors>
    <snippets>
        <s enabled="true" id="35"/>
        <s enabled="true" id="36"/>
        <s enabled="true" id="9"/>
        <s enabled="true" id="25"/>
        <s enabled="true" id="10"/>
        <s enabled="true" id="45"/>
        <s enabled="true" id="14">
            <prop id="1" list="0" val="false"/>
        </s>
    </snippets>
    <terrain>
        <p pts="6,0.0,0.0,640.0,0.0,640.0,32.0,32.0,32.0,32.0,384.0,0.0,384.0" x="0.0" y="0.0"/>
        <p pts="8,32.0,352.0,32.0,384.0,608.0,384.0,608.0,0.0,640.0,0.0,640.0,416.0,0.0,416.0,0.0,352.0" x="0.0" y="64.0"/>
    </terrain>
    <atlases members="" retainAtlases="true"/>
</scene>
