<?xml version="1.0" encoding="UTF-8" standalone="no"?>
<scene depth="1" desc="" eventsnippetid="58" extheight="544" extwidth="704" extx="-32" exty="-32" format="3.4.0" gravx="-0.0" gravy="0.0" height="480" id="26" name="SPECIAL" revision="" savecount="0" tiled="1" tileh="32" tilew="32" type="standard" width="640">
    <layers>
        <color-bg blue="255" green="255" red="255"/>
        <layer blendMode="normal" color="100,168,234" id="0" locked="false" name="Layer 0" opacity="100" order="0" scrollFactorX="1.0" scrollFactorY="1.0" visible="true"/>
    </layers>
    <joints/>
    <regions/>
    <terrainRegions/>
    <actors>
        <actor a="0.0" aid="1" c="false" group="0" id="0" name="A S H 1" sx="1.0" sy="1.0" x="48" y="200" z="0"/>
        <actor a="0.0" aid="2" c="false" group="4" id="5" name="Enemy 1 2" sx="1.0" sy="1.0" x="61" y="45" z="0"/>
        <actor a="0.0" aid="3" c="false" group="4" id="5" name="Enemy 1 3" sx="1.0" sy="1.0" x="96" y="45" z="0"/>
        <actor a="0.0" aid="4" c="false" group="4" id="5" name="Enemy 1 4" sx="1.0" sy="1.0" x="131" y="45" z="0"/>
        <actor a="0.0" aid="5" c="false" group="4" id="5" name="Enemy 1 5" sx="1.0" sy="1.0" x="163" y="45" z="0"/>
        <actor a="0.0" aid="6" c="false" group="4" id="5" name="Enemy 1 6" sx="1.0" sy="1.0" x="196" y="40" z="0"/>
        <actor a="0.0" aid="7" c="false" group="4" id="5" name="Enemy 1 7" sx="1.0" sy="1.0" x="228" y="40" z="0"/>
        <actor a="0.0" aid="8" c="false" group="4" id="5" name="Enemy 1 8" sx="1.0" sy="1.0" x="261" y="40" z="0"/>
        <actor a="0.0" aid="9" c="false" group="4" id="5" name="Enemy 1 9" sx="1.0" sy="1.0" x="293" y="40" z="0"/>
        <actor a="0.0" aid="10" c="false" group="4" id="5" name="Enemy 1 10" sx="1.0" sy="1.0" x="325" y="40" z="0"/>
        <actor a="0.0" aid="11" c="false" group="4" id="5" name="Enemy 1 11" sx="1.0" sy="1.0" x="357" y="40" z="0"/>
        <actor a="0.0" aid="12" c="false" group="4" id="5" name="Enemy 1 12" sx="1.0" sy="1.0" x="390" y="40" z="0"/>
        <actor a="0.0" aid="13" c="false" group="4" id="5" name="Enemy 1 13" sx="1.0" sy="1.0" x="422" y="40" z="0"/>
        <actor a="0.0" aid="14" c="false" group="4" id="5" name="Enemy 1 14" sx="1.0" sy="1.0" x="455" y="39" z="0"/>
        <actor a="0.0" aid="15" c="false" group="4" id="5" name="Enemy 1 15" sx="1.0" sy="1.0" x="487" y="39" z="0"/>
        <actor a="0.0" aid="16" c="false" group="4" id="5" name="Enemy 1 16" sx="1.0" sy="1.0" x="521" y="39" z="0"/>
        <actor a="0.0" aid="17" c="false" group="4" id="5" name="Enemy 1 17" sx="1.0" sy="1.0" x="553" y="39" z="0"/>
        <actor a="0.0" aid="18" c="false" group="4" id="5" name="Enemy 1 18" sx="1.0" sy="1.0" x="39" y="403" z="0"/>
        <actor a="0.0" aid="19" c="false" group="4" id="5" name="Enemy 1 19" sx="1.0" sy="1.0" x="71" y="405" z="0"/>
        <actor a="0.0" aid="20" c="false" group="4" id="5" name="Enemy 1 20" sx="1.0" sy="1.0" x="104" y="405" z="0"/>
        <actor a="0.0" aid="21" c="false" group="4" id="5" name="Enemy 1 21" sx="1.0" sy="1.0" x="136" y="405" z="0"/>
        <actor a="0.0" aid="22" c="false" group="4" id="5" name="Enemy 1 22" sx="1.0" sy="1.0" x="170" y="405" z="0"/>
        <actor a="0.0" aid="23" c="false" group="4" id="5" name="Enemy 1 23" sx="1.0" sy="1.0" x="202" y="405" z="0"/>
        <actor a="0.0" aid="24" c="false" group="4" id="5" name="Enemy 1 24" sx="1.0" sy="1.0" x="235" y="405" z="0"/>
        <actor a="0.0" aid="25" c="false" group="4" id="5" name="Enemy 1 25" sx="1.0" sy="1.0" x="269" y="405" z="0"/>
        <actor a="0.0" aid="26" c="false" group="4" id="5" name="Enemy 1 26" sx="1.0" sy="1.0" x="302" y="407" z="0"/>
        <actor a="0.0" aid="27" c="false" group="4" id="5" name="Enemy 1 27" sx="1.0" sy="1.0" x="334" y="408" z="0"/>
        <actor a="0.0" aid="28" c="false" group="4" id="5" name="Enemy 1 28" sx="1.0" sy="1.0" x="367" y="408" z="0"/>
        <actor a="0.0" aid="29" c="false" group="4" id="5" name="Enemy 1 29" sx="1.0" sy="1.0" x="400" y="408" z="0"/>
        <actor a="0.0" aid="30" c="false" group="4" id="5" name="Enemy 1 30" sx="1.0" sy="1.0" x="433" y="408" z="0"/>
        <actor a="0.0" aid="31" c="false" group="4" id="5" name="Enemy 1 31" sx="1.0" sy="1.0" x="467" y="409" z="0"/>
        <actor a="0.0" aid="32" c="false" group="4" id="5" name="Enemy 1 32" sx="1.0" sy="1.0" x="499" y="409" z="0"/>
        <actor a="0.0" aid="33" c="false" group="4" id="5" name="Enemy 1 33" sx="1.0" sy="1.0" x="533" y="409" z="0"/>
        <actor a="0.0" aid="34" c="false" group="4" id="5" name="Enemy 1 34" sx="1.0" sy="1.0" x="568" y="409" z="0"/>
        <actor a="0.0" aid="35" c="false" group="4" id="5" name="Enemy 1 35" sx="1.0" sy="1.0" x="556" y="72" z="0"/>
        <actor a="0.0" aid="36" c="false" group="4" id="5" name="Enemy 1 36" sx="1.0" sy="1.0" x="559" y="104" z="0"/>
        <actor a="0.0" aid="37" c="false" group="4" id="5" name="Enemy 1 37" sx="1.0" sy="1.0" x="562" y="136" z="0"/>
        <actor a="0.0" aid="38" c="false" group="4" id="5" name="Enemy 1 38" sx="1.0" sy="1.0" x="565" y="168" z="0"/>
        <actor a="0.0" aid="39" c="false" group="4" id="5" name="Enemy 1 39" sx="1.0" sy="1.0" x="569" y="200" z="0"/>
        <actor a="0.0" aid="40" c="false" group="4" id="5" name="Enemy 1 40" sx="1.0" sy="1.0" x="569" y="232" z="0"/>
        <actor a="0.0" aid="41" c="false" group="4" id="5" name="Enemy 1 41" sx="1.0" sy="1.0" x="571" y="265" z="0"/>
        <actor a="0.0" aid="42" c="false" group="4" id="5" name="Enemy 1 42" sx="1.0" sy="1.0" x="579" y="297" z="0"/>
        <actor a="0.0" aid="43" c="false" group="4" id="5" name="Enemy 1 43" sx="1.0" sy="1.0" x="582" y="329" z="0"/>
        <actor a="0.0" aid="44" c="false" group="4" id="5" name="Enemy 1 44" sx="1.0" sy="1.0" x="581" y="361" z="0"/>
        <actor a="0.0" aid="45" c="false" group="4" id="5" name="Enemy 1 45" sx="1.0" sy="1.0" x="411" y="376" z="0"/>
        <actor a="0.0" aid="46" c="false" group="4" id="5" name="Enemy 1 46" sx="1.0" sy="1.0" x="73" y="372" z="0"/>
        <actor a="0.0" aid="47" c="false" group="4" id="5" name="Enemy 1 47" sx="1.0" sy="1.0" x="110" y="370" z="0"/>
        <actor a="0.0" aid="48" c="false" group="4" id="5" name="Enemy 1 48" sx="1.0" sy="1.0" x="142" y="370" z="0"/>
        <actor a="0.0" aid="49" c="false" group="4" id="5" name="Enemy 1 49" sx="1.0" sy="1.0" x="176" y="370" z="0"/>
        <actor a="0.0" aid="50" c="false" group="4" id="5" name="Enemy 1 50" sx="1.0" sy="1.0" x="210" y="370" z="0"/>
        <actor a="0.0" aid="51" c="false" group="4" id="5" name="Enemy 1 51" sx="1.0" sy="1.0" x="243" y="370" z="0"/>
        <actor a="0.0" aid="52" c="false" group="4" id="5" name="Enemy 1 52" sx="1.0" sy="1.0" x="276" y="370" z="0"/>
        <actor a="0.0" aid="53" c="false" group="4" id="5" name="Enemy 1 53" sx="1.0" sy="1.0" x="308" y="370" z="0"/>
        <actor a="0.0" aid="54" c="false" group="4" id="5" name="Enemy 1 54" sx="1.0" sy="1.0" x="340" y="371" z="0"/>
        <actor a="0.0" aid="55" c="false" group="4" id="5" name="Enemy 1 55" sx="1.0" sy="1.0" x="150" y="108" z="0"/>
        <actor a="0.0" aid="56" c="false" group="4" id="5" name="Enemy 1 56" sx="1.0" sy="1.0" x="150" y="143" z="0"/>
        <actor a="0.0" aid="57" c="false" group="4" id="5" name="Enemy 1 57" sx="1.0" sy="1.0" x="150" y="176" z="0"/>
        <actor a="0.0" aid="58" c="false" group="4" id="5" name="Enemy 1 58" sx="1.0" sy="1.0" x="150" y="213" z="0"/>
        <actor a="0.0" aid="59" c="false" group="4" id="5" name="Enemy 1 59" sx="1.0" sy="1.0" x="150" y="246" z="0"/>
        <actor a="0.0" aid="60" c="false" group="4" id="5" name="Enemy 1 60" sx="1.0" sy="1.0" x="151" y="279" z="0"/>
        <actor a="0.0" aid="61" c="false" group="4" id="5" name="Enemy 1 61" sx="1.0" sy="1.0" x="151" y="312" z="0"/>
        <actor a="0.0" aid="62" c="false" group="4" id="5" name="Enemy 1 62" sx="1.0" sy="1.0" x="233" y="137" z="0"/>
        <actor a="0.0" aid="63" c="false" group="4" id="5" name="Enemy 1 63" sx="1.0" sy="1.0" x="198" y="156" z="0"/>
        <actor a="0.0" aid="64" c="false" group="4" id="5" name="Enemy 1 64" sx="1.0" sy="1.0" x="182" y="234" z="0"/>
        <actor a="0.0" aid="65" c="false" group="4" id="5" name="Enemy 1 65" sx="1.0" sy="1.0" x="204" y="267" z="0"/>
        <actor a="0.0" aid="66" c="false" group="4" id="5" name="Enemy 1 66" sx="1.0" sy="1.0" x="290" y="316" z="0"/>
        <actor a="0.0" aid="67" c="false" group="4" id="5" name="Enemy 1 67" sx="1.0" sy="1.0" x="313" y="279" z="0"/>
        <actor a="0.0" aid="68" c="false" group="4" id="5" name="Enemy 1 68" sx="1.0" sy="1.0" x="333" y="241" z="0"/>
        <actor a="0.0" aid="69" c="false" group="4" id="5" name="Enemy 1 69" sx="1.0" sy="1.0" x="355" y="200" z="0"/>
        <actor a="0.0" aid="70" c="false" group="4" id="5" name="Enemy 1 70" sx="1.0" sy="1.0" x="373" y="166" z="0"/>
        <actor a="0.0" aid="71" c="false" group="4" id="5" name="Enemy 1 71" sx="1.0" sy="1.0" x="387" y="133" z="0"/>
        <actor a="0.0" aid="72" c="false" group="4" id="5" name="Enemy 1 72" sx="1.0" sy="1.0" x="402" y="199" z="0"/>
        <actor a="0.0" aid="73" c="false" group="4" id="5" name="Enemy 1 73" sx="1.0" sy="1.0" x="438" y="173" z="0"/>
        <actor a="0.0" aid="74" c="false" group="4" id="5" name="Enemy 1 74" sx="1.0" sy="1.0" x="450" y="138" z="0"/>
        <actor a="0.0" aid="75" c="false" group="4" id="5" name="Enemy 1 75" sx="1.0" sy="1.0" x="476" y="172" z="0"/>
        <actor a="0.0" aid="76" c="false" group="4" id="5" name="Enemy 1 76" sx="1.0" sy="1.0" x="493" y="207" z="0"/>
        <actor a="0.0" aid="77" c="false" group="4" id="5" name="Enemy 1 77" sx="1.0" sy="1.0" x="512" y="248" z="0"/>
        <actor a="0.0" aid="78" c="false" group="4" id="5" name="Enemy 1 78" sx="1.0" sy="1.0" x="525" y="280" z="0"/>
        <actor a="0.0" aid="79" c="false" group="4" id="5" name="Enemy 1 79" sx="1.0" sy="1.0" x="538" y="316" z="0"/>
        <actor a="0.0" aid="85" c="false" group="0" id="23" name="Plauge Doctor 85" sx="1.0" sy="1.0" x="44" y="271" z="0"/>
        <actor a="0.0" aid="86" c="false" group="0" id="23" name="Plauge Doctor 86" sx="1.0" sy="1.0" x="43" y="132" z="0"/>
        <actor a="0.0" aid="87" c="false" group="4" id="19" name="Enemy 3 87" sx="1.0" sy="1.0" x="421" y="145" z="0"/>
        <actor a="0.0" aid="88" c="false" group="4" id="19" name="Enemy 3 88" sx="1.0" sy="1.0" x="384" y="223" z="0"/>
        <actor a="0.0" aid="89" c="false" group="4" id="19" name="Enemy 3 89" sx="1.0" sy="1.0" x="455" y="209" z="0"/>
        <actor a="0.0" aid="90" c="false" group="4" id="19" name="Enemy 3 90" sx="1.0" sy="1.0" x="187" y="193" z="0"/>
        <actor a="0.0" aid="91" c="false" group="4" id="19" name="Enemy 3 91" sx="1.0" sy="1.0" x="178" y="116" z="0"/>
        <actor a="0.0" aid="92" c="false" group="4" id="19" name="Enemy 3 92" sx="1.0" sy="1.0" x="187" y="300" z="0"/>
        <actor a="0.0" aid="93" c="false" group="0" id="0" name="A S H 93" sx="1.0" sy="1.0" x="49" y="200" z="0"/>
        <actor a="0.0" aid="94" c="false" group="0" id="0" name="A S H 94" sx="1.0" sy="1.0" x="49" y="200" z="0"/>
        <actor a="0.0" aid="95" c="false" group="0" id="0" name="A S H 95" sx="1.0" sy="1.0" x="49" y="200" z="0"/>
        <actor a="0.0" aid="96" c="false" group="0" id="0" name="A S H 96" sx="1.0" sy="1.0" x="49" y="200" z="0"/>
        <actor a="0.0" aid="97" c="false" group="0" id="0" name="A S H 97" sx="1.0" sy="1.0" x="49" y="200" z="0"/>
        <actor a="0.0" aid="98" c="false" group="0" id="0" name="A S H 98" sx="1.0" sy="1.0" x="49" y="200" z="0"/>
        <actor a="0.0" aid="99" c="false" group="0" id="0" name="A S H 99" sx="1.0" sy="1.0" x="50" y="200" z="0"/>
        <actor a="0.0" aid="100" c="false" group="0" id="0" name="A S H 100" sx="1.0" sy="1.0" x="47" y="200" z="0"/>
        <actor a="0.0" aid="101" c="false" group="0" id="0" name="A S H 101" sx="1.0" sy="1.0" x="49" y="198" z="0"/>
        <actor a="0.0" aid="102" c="false" group="0" id="0" name="A S H 102" sx="1.0" sy="1.0" x="49" y="201" z="0"/>
        <actor a="0.0" aid="103" c="false" group="0" id="0" name="A S H 103" sx="1.0" sy="1.0" x="50" y="201" z="0"/>
        <actor a="0.0" aid="104" c="false" group="0" id="0" name="A S H 104" sx="1.0" sy="1.0" x="47" y="201" z="0"/>
    </actors>
    <snippets/>
    <terrain>
        <p pts="4,576.0,416.0,576.0,0.0,0.0,0.0,0.0,416.0" x="32.0" y="32.0"/>
        <p pts="4,640.0,480.0,0.0,480.0,0.0,0.0,640.0,0.0" x="0.0" y="0.0"/>
    </terrain>
    <atlases members="" retainAtlases="true"/>
</scene>
