<?xml version="1.0" encoding="UTF-8" standalone="no"?>
<pack>
    <snippet attachedevent="true" class="scripts.SceneEvents_0" classname="scripts.SceneEvents_0" desc="Scene Specific Events" description="Scene Specific Events" design="true" drawOrder="0" id="0" name="SceneEvents_0" oid="-1" package="scripts." sceneid="0" shared="false" type="scene">
        <boolean default="false" defaultValue="false" desc="" dropdown="" fullname="Alive" hidden="false" id="1" name="_Alive" order="0"/>
        <blocks/>
        <events>
            <event displayName="Drawing" enabled="true" id="1" name="draw" order="1" repeats="true"/>
            <event displayName="Keyboard" enabled="true" id="3" name="event-key-press-release" order="4" repeats="true"/>
            <event displayName="Custom Event" enabled="true" id="4" name="event-custom" order="5" repeats="true"/>
        </events>
    </snippet>
    <snippet actorid="2" attachedevent="true" class="scripts.ActorEvents_2" classname="scripts.ActorEvents_2" desc="Actor Specific Events" description="Actor Specific Events" design="true" drawOrder="0" id="1" name="ActorEvents_2" oid="-1" package="scripts." shared="false" type="actor">
        <blocks/>
        <events/>
    </snippet>
    <snippet actorid="4" attachedevent="true" class="scripts.ActorEvents_4" classname="scripts.ActorEvents_4" desc="Actor Specific Events" description="Actor Specific Events" design="true" drawOrder="0" id="2" name="ActorEvents_4" oid="-1" package="scripts." shared="false" type="actor">
        <boolean default="false" defaultValue="false" desc="" dropdown="" fullname="Facing Left" hidden="false" id="1" name="_FacingLeft" order="0"/>
        <boolean default="false" defaultValue="false" desc="" dropdown="" fullname="Alive" hidden="false" id="3" name="_Alive" order="1"/>
        <number default="0.0" defaultValue="0.0" desc="" dropdown="" fullname="Speed" hidden="false" id="4" name="_Speed" order="4"/>
        <number default="0" defaultValue="0" desc="" dropdown="" fullname="Turn Timer" hidden="false" id="5" name="_TurnTimer" order="2"/>
        <boolean default="false" defaultValue="false" desc="" dropdown="" fullname="Is Coliding" hidden="false" id="6" name="_IsColiding" order="3"/>
        <boolean default="false" defaultValue="false" desc="" dropdown="" fullname="SkellytonDeath" hidden="false" id="7" name="_SkellytonDeath" order="5"/>
        <boolean default="false" defaultValue="false" desc="" dropdown="" fullname="Bat Death" hidden="false" id="8" name="_BatDeath" order="6"/>
        <blocks/>
        <events>
            <event displayName="Updating" enabled="true" id="5" name="step" order="2" repeats="true"/>
            <event displayName="Actor - Group" enabled="true" id="7" name="event-collide-actortogroup" order="10" repeats="true"/>
            <event displayName="Every N secs" enabled="true" id="8" name="event-periodic" order="12" repeats="true"/>
            <event displayName="Created" enabled="true" id="9" name="init" order="8" repeats="true"/>
            <event displayName="Actor - Group" enabled="true" id="11" name="event-collide-actortogroup" order="17" repeats="true"/>
            <event displayName="Actor - Group" enabled="true" id="13" name="event-collide-actortogroup" order="15" repeats="true"/>
            <event displayName="Custom Event" enabled="true" id="14" name="event-custom" order="14" repeats="true"/>
        </events>
    </snippet>
    <snippet actorid="6" attachedevent="true" class="scripts.ActorEvents_6" classname="scripts.ActorEvents_6" desc="Actor Specific Events" description="Actor Specific Events" design="true" drawOrder="0" id="3" name="ActorEvents_6" oid="-1" package="scripts." shared="false" type="actor">
        <text default="" defaultValue="" desc="" dropdown="" fullname="Stairs" hidden="false" id="1" name="_Stairs" order="0"/>
        <number default="0" defaultValue="0" desc="" dropdown="" fullname="Speed" hidden="false" id="2" name="_Speed" order="1"/>
        <number default="0" defaultValue="0" desc="" dropdown="" fullname="Stair Mod" hidden="false" id="3" name="_StairMod" order="2"/>
        <boolean default="false" defaultValue="false" desc="" dropdown="" fullname="Facing Right" hidden="false" id="4" name="_FacingRight" order="3"/>
        <boolean default="true" defaultValue="true" desc="" dropdown="" fullname="On Ground" hidden="false" id="5" name="_OnGround" order="4"/>
        <number default="0.0" defaultValue="0.0" desc="" dropdown="" fullname="Jump Force" hidden="false" id="6" name="_JumpForce" order="5"/>
        <text default="" defaultValue="" desc="" dropdown="" fullname="Hitting Spikes" hidden="false" id="7" name="_HittingSpikes" order="6"/>
        <boolean default="false" defaultValue="false" desc="" dropdown="" fullname="Attacking" hidden="false" id="8" name="_Attacking" order="7"/>
        <boolean default="true" defaultValue="true" desc="" dropdown="" fullname="Can Move" hidden="false" id="9" name="_CanMove" order="8"/>
        <boolean default="false" defaultValue="false" desc="" dropdown="" fullname="Alive" hidden="false" id="10" name="_Alive" order="9"/>
        <boolean default="false" defaultValue="false" desc="" dropdown="" fullname="Has Axe" hidden="false" id="11" name="_HasAxe" order="10"/>
        <boolean default="false" defaultValue="false" desc="" dropdown="" fullname="Can Throw Axe" hidden="false" id="12" name="_CanThrowAxe" order="11"/>
        <blocks/>
        <events>
            <event displayName="Speed/Camara" enabled="true" id="1" name="init" order="1" repeats="true"/>
            <event displayName="Camara/Spike Collision" enabled="true" id="2" name="step" order="10" repeats="true"/>
            <event displayName="Movement/FrictionDebug" enabled="true" id="4" name="step" order="11" repeats="true"/>
            <event displayName="Stair Collision/Spike Collision" enabled="true" id="5" name="event-collide-actortogroup" order="23" repeats="true"/>
            <event displayName="Attack" enabled="true" id="6" name="event-key-press-release" order="5" repeats="false"/>
            <event displayName="Skellyton Death Trig" enabled="true" id="7" name="event-collide-actortotype" order="15" repeats="false"/>
            <event displayName="Death=Reload" enabled="true" id="9" name="event-custom" order="3" repeats="true"/>
            <event displayName="Bat Death Trig" enabled="true" id="10" name="event-collide-actortotype" order="20" repeats="false"/>
            <event displayName="Obtain Axe" enabled="true" id="12" name="event-collide-actortotype" order="14" repeats="true"/>
            <event displayName="Throw Axe" enabled="true" id="13" name="event-key-press-release" order="7" repeats="true"/>
        </events>
    </snippet>
    <snippet actorid="8" attachedevent="true" class="scripts.ActorEvents_8" classname="scripts.ActorEvents_8" desc="Actor Specific Events" description="Actor Specific Events" design="true" drawOrder="0" id="8" name="ActorEvents_8" oid="-1" package="scripts." shared="false" type="actor">
        <number default="200" defaultValue="200" desc="" dropdown="" fullname="Bat Attack Dis" hidden="false" id="1" name="_BatAttackDis" order="0"/>
        <number default="0" defaultValue="0" desc="" dropdown="" fullname="Starting x" hidden="false" id="2" name="_Startingx" order="1"/>
        <number default="0.0" defaultValue="0.0" desc="" dropdown="" fullname="Starting y" hidden="false" id="3" name="_Startingy" order="2"/>
        <boolean default="false" defaultValue="false" desc="" dropdown="" fullname="Is Coliding" hidden="false" id="4" name="_IsColiding" order="3"/>
        <boolean default="false" defaultValue="false" desc="" dropdown="" fullname="Facing Left" hidden="false" id="5" name="_FacingLeft" order="4"/>
        <number default="0.0" defaultValue="0.0" desc="" dropdown="" fullname="Turn Timer" hidden="false" id="6" name="_TurnTimer" order="5"/>
        <boolean default="false" defaultValue="false" desc="" dropdown="" fullname="SkellytonDeath" hidden="false" id="7" name="_SkellytonDeath" order="6"/>
        <boolean default="false" defaultValue="false" desc="" dropdown="" fullname="Bat Death" hidden="false" id="8" name="_BatDeath" order="7"/>
        <blocks/>
        <events>
            <event displayName="Updating" enabled="true" id="2" name="step" order="2" repeats="true"/>
            <event displayName="Created" enabled="true" id="3" name="init" order="3" repeats="true"/>
            <event displayName="Player" enabled="true" id="4" name="event-collide-actortotype" order="4" repeats="false"/>
            <event displayName="Actor - Group" enabled="true" id="5" name="event-collide-actortogroup" order="5" repeats="true"/>
        </events>
    </snippet>
    <snippet actorid="12" attachedevent="true" class="scripts.ActorEvents_12" classname="scripts.ActorEvents_12" desc="Actor Specific Events" description="Actor Specific Events" design="true" drawOrder="0" id="12" name="ActorEvents_12" oid="-1" package="scripts." shared="false" type="actor">
        <blocks/>
        <events/>
    </snippet>
    <snippet actorid="14" attachedevent="true" class="scripts.ActorEvents_14" classname="scripts.ActorEvents_14" desc="Actor Specific Events" description="Actor Specific Events" design="true" drawOrder="0" id="13" name="ActorEvents_14" oid="-1" package="scripts." shared="false" type="actor">
        <blocks/>
        <events>
            <event displayName="Actor - Actor" enabled="false" id="1" name="event-collide-actortoactor" order="1" repeats="true"/>
            <event displayName="Actor - Any" enabled="true" id="2" name="collide" order="2" repeats="true"/>
        </events>
    </snippet>
    <snippet attachedevent="false" class="scripts.Design_14_14_ReloadSceneOnDeath" classname="scripts.Design_14_14_ReloadSceneOnDeath" desc="Reload the scene when this actor dies." description="Reload the scene when this actor dies." design="true" drawOrder="0" id="14" name="Reload Scene On Death" oid="-1" package="scripts" shared="false" type="actor">
        <actor default="thisactor" defaultValue="thisactor" desc="" dropdown="" fullname="Actor" hidden="true" id="2147483647" name="actor" order="0"/>
        <number default="0.5" defaultValue="0.5" desc="The time to transition out, in seconds, if one of the first six &lt;em&gt;Transition Styles&lt;/em&gt; is used. Otherwise the time to transition out and in." dropdown="" fullname="Out Time" hidden="false" id="1" name="_OutTime" order="2"/>
        <number default="0.5" defaultValue="0.5" desc="The time to transition in, in seconds, if one of the first six &lt;em&gt;Transition Styles&lt;/em&gt; is used. Otherwise it is ignored." dropdown="" fullname="In Time" hidden="false" id="2" name="_InTime" order="3"/>
        <text default="" defaultValue="" desc="The style to use for the reload transition." dropdown="Fade=Fade&#10;Blinds=Blinds&#10;Bubbles=Bubbles&#10;Spotlight=Spotlight&#10;Blur=Blur&#10;Box=Box&#10;Crossfade=Crossfade&#10;Slide Up=Slide Up&#10;Slide Down=Slide Down&#10;Slide Left=Slide Left&#10;Slide Right=Slide Right" fullname="Transition Style" hidden="false" id="3" name="_TransitionStyle" order="1"/>
        <blocks/>
        <events>
            <event displayName="Actor Created" enabled="true" id="1" name="event-actor-create-kill" order="1" repeats="true"/>
            <event displayName="Reload" enabled="true" id="2" name="event-custom" order="2" repeats="true"/>
        </events>
    </snippet>
    <snippet attachedevent="true" class="scripts.SceneEvents_2" classname="scripts.SceneEvents_2" desc="Scene Specific Events" description="Scene Specific Events" design="true" drawOrder="0" id="15" name="SceneEvents_2" oid="-1" package="scripts." sceneid="2" shared="false" type="scene">
        <blocks/>
        <events>
            <event displayName="Any Key" enabled="true" id="1" name="event-key-any-press-release" order="1" repeats="true"/>
        </events>
    </snippet>
    <snippet actorid="17" attachedevent="true" class="scripts.ActorEvents_17" classname="scripts.ActorEvents_17" desc="Actor Specific Events" description="Actor Specific Events" design="true" drawOrder="0" id="16" name="ActorEvents_17" oid="-1" package="scripts." shared="false" type="actor">
        <blocks/>
        <events/>
    </snippet>
    <snippet actorid="19" attachedevent="true" class="scripts.ActorEvents_19" classname="scripts.ActorEvents_19" desc="Actor Specific Events" description="Actor Specific Events" design="true" drawOrder="0" id="17" name="ActorEvents_19" oid="-1" package="scripts." shared="false" type="actor">
        <blocks/>
        <events/>
    </snippet>
    <snippet attachedevent="true" class="scripts.SceneEvents_3" classname="scripts.SceneEvents_3" desc="Scene Specific Events" description="Scene Specific Events" design="true" drawOrder="0" id="18" name="SceneEvents_3" oid="-1" package="scripts." sceneid="3" shared="false" type="scene">
        <blocks/>
        <events>
            <event displayName="Keyboard" enabled="true" id="1" name="event-key-press-release" order="1" repeats="true"/>
            <event displayName="Drawing" enabled="true" id="2" name="draw" order="3" repeats="true"/>
            <event displayName="Custom Event" enabled="true" id="3" name="event-custom" order="2" repeats="true"/>
        </events>
    </snippet>
    <snippet actorid="22" attachedevent="true" class="scripts.ActorEvents_22" classname="scripts.ActorEvents_22" desc="Actor Specific Events" description="Actor Specific Events" design="true" drawOrder="0" id="20" name="ActorEvents_22" oid="-1" package="scripts." shared="false" type="actor">
        <blocks/>
        <events>
            <event displayName="Obtain/Hover Animation" enabled="true" id="1" name="step" order="1" repeats="true"/>
            <event displayName="Created" enabled="true" id="2" name="init" order="2" repeats="true"/>
        </events>
    </snippet>
    <snippet actorid="26" attachedevent="true" class="scripts.ActorEvents_26" classname="scripts.ActorEvents_26" desc="Actor Specific Events" description="Actor Specific Events" design="true" drawOrder="0" id="22" name="ActorEvents_26" oid="-1" package="scripts." shared="false" type="actor">
        <number default="0" defaultValue="0" desc="" dropdown="" fullname="X push right" hidden="false" id="1" name="_Xpushright" order="0"/>
        <number default="0.0" defaultValue="0.0" desc="" dropdown="" fullname="X push left" hidden="false" id="2" name="_Xpushleft" order="1"/>
        <blocks/>
        <events>
            <event displayName="Throw Movement" enabled="true" id="1" name="init" order="1" repeats="true"/>
            <event displayName="X Push" enabled="true" id="2" name="step" order="2" repeats="true"/>
        </events>
    </snippet>
    <snippet attachedevent="true" class="scripts.SceneEvents_5" classname="scripts.SceneEvents_5" desc="Scene Specific Events" description="Scene Specific Events" design="true" drawOrder="0" id="23" name="SceneEvents_5" oid="-1" package="scripts." sceneid="5" shared="false" type="scene">
        <blocks/>
        <events>
            <event displayName="Keyboard" enabled="true" id="1" name="event-key-press-release" order="1" repeats="true"/>
        </events>
    </snippet>
    <snippet actorid="28" attachedevent="true" class="scripts.ActorEvents_28" classname="scripts.ActorEvents_28" desc="Actor Specific Events" description="Actor Specific Events" design="true" drawOrder="0" id="24" name="ActorEvents_28" oid="-1" package="scripts." shared="false" type="actor">
        <boolean default="false" defaultValue="false" desc="" dropdown="" fullname="Door Collision" hidden="false" id="1" name="_DoorCollision" order="0"/>
        <blocks/>
        <events>
            <event displayName="Actor - Group" enabled="true" id="1" name="event-collide-actortogroup" order="1" repeats="true"/>
        </events>
    </snippet>
    <snippet attachedevent="true" class="scripts.SceneEvents_6" classname="scripts.SceneEvents_6" desc="Scene Specific Events" description="Scene Specific Events" design="true" drawOrder="0" id="25" name="SceneEvents_6" oid="-1" package="scripts." sceneid="6" shared="false" type="scene">
        <blocks/>
        <events>
            <event displayName="Keyboard" enabled="true" id="1" name="event-key-press-release" order="1" repeats="true"/>
        </events>
    </snippet>
</pack>
