<?xml version="1.0" encoding="UTF-8" standalone="no"?>
<pack>
    <sprite atlasID="0" default="0" defaultAnimation="0" desc="" height="13" id="23" name="Axe" shared="false" width="13">
        <anim across="1" down="1" durations="125" height="13" id="0" loop="true" name="1" numframes="1" originx="6" originy="6" sync="false" version="2" width="13">
            <poly data="4,0,0,13,0,13,20,0,20" density="0.1" fric="0.2" gid="-1000" id="0" name="Animation 0" rest="0.0" sensor="false"/>
        </anim>
        <anim across="1" down="1" durations="125" height="13" id="1" loop="true" name="2" numframes="1" originx="6" originy="6" sync="false" version="2" width="13">
            <poly data="4,0,0,13,0,13,16,0,16" density="0.1" fric="0.2" gid="-1000" id="0" name="Animation 1" rest="0.0" sensor="false"/>
        </anim>
        <anim across="1" down="1" durations="125" height="13" id="2" loop="true" name="3" numframes="1" originx="6" originy="6" sync="false" version="2" width="13">
            <poly data="4,0,0,13,0,13,14,0,14" density="0.1" fric="0.2" gid="-1000" id="0" name="Animation 2" rest="0.0" sensor="false"/>
        </anim>
    </sprite>
    <sprite atlasID="0" default="0" defaultAnimation="0" desc="" height="13" id="27" name="Axe" shared="false" width="13">
        <anim across="2" down="2" durations="125,125,125,125" height="26" id="0" loop="true" name="Throw Right" numframes="4" originx="6" originy="6" sync="false" version="2" width="26">
            <poly data="4,0,0,13,0,13,13,0,13" density="0.1" fric="0.2" gid="-1000" id="0" name="Animation 0" rest="0.0" sensor="false"/>
        </anim>
        <anim across="2" down="2" durations="125,125,125,125" height="26" id="1" loop="true" name="Throw Left" numframes="4" originx="6" originy="6" sync="false" version="2" width="26">
            <poly data="4,0,0,13,0,13,13,0,13" density="0.1" fric="0.2" gid="-1000" id="0" name="Throw Left" rest="0.0" sensor="false"/>
        </anim>
    </sprite>
    <actor adamp="0.0" ascale="true" atlasID="0" bodytype="2" continuous="true" desc="" eventsnippetid="20" fixedrot="false" fric="0.2" gid="3" id="22" ignoreg="false" inertia="1.0" ldamp="0.0" mass="1.0" name="Axe Item" oid="-1" pausable="true" physicsMode="0" rest="0.0" shared="false" sprite="23" static="false">
        <snippets/>
    </actor>
    <actor adamp="0.0" ascale="true" atlasID="0" bodytype="2" continuous="true" desc="" eventsnippetid="22" fixedrot="true" fric="0.2" gid="7" id="26" ignoreg="false" inertia="0.2" ldamp="0.0" mass="0.13" name="Axe Wepon" oid="-1" pausable="true" physicsMode="0" rest="0.0" shared="false" sprite="27" static="false">
        <snippets/>
    </actor>
    <tileset across="6" atlasID="0" desc="" down="13" id="1" name="Backround" oid="-1" shared="false" th="32" tw="32">
        <tile collision="-1" data="" durations="100" frames="0" id="72" order="-1"/>
        <tile collision="-1" data="" durations="100" frames="1" id="73" order="-1"/>
        <tile collision="-1" data="" durations="100" frames="2" id="74" order="-1"/>
        <tile collision="-1" data="" durations="100" frames="3" id="75" order="-1"/>
        <tile collision="-1" data="" durations="100" frames="4" id="76" order="-1"/>
        <tile collision="-1" data="" durations="100" frames="5" id="35" order="-1"/>
        <tile collision="-1" data="" durations="100" frames="6" id="78" order="-1"/>
        <tile collision="-1" data="" durations="100" frames="7" id="79" order="-1"/>
        <tile collision="-1" data="" durations="100" frames="8" id="80" order="-1"/>
        <tile collision="-1" data="" durations="100" frames="9" id="81" order="-1"/>
        <tile collision="-1" data="" durations="100" frames="10" id="82" order="-1"/>
        <tile collision="-1" data="" durations="100" frames="11" id="36" order="-1"/>
        <tile collision="-1" data="skeletonWal" durations="100" frames="12" id="84" order="-1"/>
        <tile collision="-1" data="" durations="100" frames="13" id="85" order="-1"/>
        <tile collision="-1" data="" durations="100" frames="14" id="86" order="-1"/>
        <tile collision="-1" data="" durations="100" frames="15" id="87" order="-1"/>
        <tile collision="-1" data="" durations="100" frames="16" id="88" order="-1"/>
        <tile collision="-1" data="" durations="100" frames="17" id="37" order="-1"/>
        <tile collision="-1" data="" durations="100" frames="18" id="90" order="-1"/>
        <tile collision="-1" data="" durations="100" frames="19" id="91" order="-1"/>
        <tile collision="-1" data="" durations="100" frames="20" id="92" order="-1"/>
        <tile collision="-1" data="" durations="100" frames="21" id="93" order="-1"/>
        <tile collision="-1" data="" durations="100" frames="22" id="94" order="-1"/>
        <tile collision="-1" data="" durations="100" frames="23" id="38" order="-1"/>
        <tile collision="-1" data="" durations="100" frames="24" id="96" order="-1"/>
        <tile collision="-1" data="" durations="100" frames="25" id="97" order="-1"/>
        <tile collision="-1" data="" durations="100" frames="26" id="98" order="-1"/>
        <tile collision="-1" data="" durations="100" frames="27" id="99" order="-1"/>
        <tile collision="-1" data="" durations="100" frames="28" id="100" order="-1"/>
        <tile collision="-1" data="" durations="100" frames="29" id="39" order="-1"/>
        <tile collision="-1" data="" durations="100" frames="30" id="102" order="-1"/>
        <tile collision="-1" data="" durations="100" frames="31" id="103" order="-1"/>
        <tile collision="-1" data="" durations="100" frames="32" id="104" order="-1"/>
        <tile collision="-1" data="" durations="100" frames="33" id="105" order="-1"/>
        <tile collision="-1" data="" durations="100" frames="34" id="106" order="-1"/>
        <tile collision="-1" data="" durations="100" frames="35" id="40" order="-1"/>
        <tile collision="-1" data="" durations="100" frames="36" id="30" order="-1"/>
        <tile collision="-1" data="" durations="100" frames="37" id="31" order="-1"/>
        <tile collision="-1" data="" durations="100" frames="38" id="32" order="-1"/>
        <tile collision="-1" data="" durations="100" frames="39" id="33" order="-1"/>
        <tile collision="-1" data="" durations="100" frames="40" id="34" order="-1"/>
        <tile collision="-1" data="" durations="100" frames="41" id="41" order="-1"/>
        <tile collision="-1" data="" durations="100" frames="42" id="42" order="-1"/>
        <tile collision="-1" data="" durations="100" frames="43" id="43" order="-1"/>
        <tile collision="-1" data="" durations="100" frames="44" id="44" order="-1"/>
        <tile collision="-1" data="" durations="100" frames="45" id="45" order="-1"/>
        <tile collision="-1" data="" durations="100" frames="46" id="46" order="-1"/>
        <tile collision="-1" data="" durations="100" frames="47" id="77" order="-1"/>
        <tile collision="-1" data="" durations="100" frames="48" id="47" order="-1"/>
        <tile collision="-1" data="" durations="100" frames="49" id="48" order="-1"/>
        <tile collision="-1" data="" durations="100" frames="50" id="49" order="-1"/>
        <tile collision="-1" data="" durations="100" frames="51" id="50" order="-1"/>
        <tile collision="-1" data="" durations="100" frames="52" id="51" order="-1"/>
        <tile collision="-1" data="" durations="100" frames="53" id="83" order="-1"/>
        <tile collision="-1" data="" durations="100" frames="54" id="52" order="-1"/>
        <tile collision="-1" data="" durations="100" frames="55" id="53" order="-1"/>
        <tile collision="-1" data="" durations="100" frames="56" id="54" order="-1"/>
        <tile collision="-1" data="" durations="100" frames="57" id="55" order="-1"/>
        <tile collision="-1" data="" durations="100" frames="58" id="56" order="-1"/>
        <tile collision="-1" data="" durations="100" frames="59" id="89" order="-1"/>
        <tile collision="-1" data="" durations="100" frames="60" id="57" order="-1"/>
        <tile collision="-1" data="" durations="100" frames="61" id="58" order="-1"/>
        <tile collision="-1" data="" durations="100" frames="62" id="59" order="-1"/>
        <tile collision="-1" data="" durations="100" frames="63" id="60" order="-1"/>
        <tile collision="-1" data="" durations="100" frames="64" id="61" order="-1"/>
        <tile collision="-1" data="" durations="100" frames="65" id="95" order="-1"/>
        <tile collision="-1" data="" durations="100" frames="66" id="62" order="-1"/>
        <tile collision="-1" data="" durations="100" frames="67" id="63" order="-1"/>
        <tile collision="-1" data="" durations="100" frames="68" id="64" order="-1"/>
        <tile collision="-1" data="" durations="100" frames="69" id="65" order="-1"/>
        <tile collision="-1" data="" durations="100" frames="70" id="66" order="-1"/>
        <tile collision="-1" data="" durations="100" frames="71" id="101" order="-1"/>
        <tile collision="-1" data="" durations="100" frames="72" id="67" order="-1"/>
        <tile collision="-1" data="" durations="100" frames="73" id="68" order="-1"/>
        <tile collision="-1" data="" durations="100" frames="74" id="69" order="-1"/>
        <tile collision="-1" data="" durations="100" frames="75" id="70" order="-1"/>
        <tile collision="-1" data="" durations="100" frames="76" id="71" order="-1"/>
        <tile collision="-1" data="" durations="100" frames="77" id="107" order="-1"/>
    </tileset>
    <actor adamp="0.0" ascale="true" atlasID="0" bodytype="2" continuous="true" desc="" eventsnippetid="8" fixedrot="true" fric="0.2" gid="3" id="8" ignoreg="true" inertia="1.0" ldamp="0.0" mass="1.0" name="Bat" oid="-1" pausable="true" physicsMode="0" rest="0.0" shared="false" sprite="9" static="false">
        <snippets/>
    </actor>
    <sprite atlasID="0" default="0" defaultAnimation="0" desc="" height="48" id="9" name="Bat" shared="false" width="48">
        <anim across="2" down="2" durations="100,100,100" height="96" id="0" loop="true" name="Fly Left" numframes="3" originx="24" originy="24" sync="false" version="2" width="96">
            <poly data="4,16,16,32,16,32,32,16,32" density="0.1" fric="0.2" gid="-1000" id="0" name="Animation 0" rest="0.0" sensor="false"/>
        </anim>
        <anim across="2" down="2" durations="100,100,100" height="96" id="1" loop="true" name="Fly Right" numframes="3" originx="24" originy="24" sync="false" version="2" width="96">
            <poly data="4,16,16,32,16,32,32,16,32" density="0.1" fric="0.2" gid="-1000" id="0" name="Animation 1" rest="0.0" sensor="false"/>
        </anim>
        <anim across="2" down="2" durations="100,100,100" height="56" id="2" loop="true" name="Death" numframes="3" originx="8" originy="14" sync="false" version="2" width="32"/>
    </sprite>
    <tileset across="6" atlasID="0" desc="" down="6" id="21" name="Castle Grounds" oid="-1" shared="false" th="32" tw="32">
        <tile collision="0" data="" durations="100" frames="0" id="0" order="-1"/>
        <tile collision="0" data="" durations="100" frames="1" id="8" order="-1"/>
        <tile collision="0" data="" durations="100" frames="2" id="7" order="-1"/>
        <tile collision="-1" data="" durations="100" frames="3" id="30" order="-1"/>
        <tile collision="-1" data="" durations="100" frames="4" id="3" order="-1"/>
        <tile collision="-1" data="" durations="100" frames="5" id="35" order="-1"/>
        <tile collision="6" data="" durations="100" frames="6" id="2" order="-1"/>
        <tile collision="5" data="" durations="100" frames="7" id="1" order="-1"/>
        <tile collision="0" data="" durations="100" frames="8" id="6" order="-1"/>
        <tile collision="0" data="" durations="100" frames="9" id="5" order="-1"/>
        <tile collision="0" data="" durations="100" frames="10" id="4" order="-1"/>
        <tile collision="0" data="" durations="100" frames="11" id="29" order="-1"/>
        <tile collision="0" data="" durations="100" frames="12" id="10" order="-1"/>
        <tile collision="0" data="" durations="100" frames="13" id="11" order="-1"/>
        <tile collision="0" data="" durations="100" frames="14" id="13" order="-1"/>
        <tile collision="0" data="" durations="100" frames="15" id="14" order="-1"/>
        <tile collision="0" data="" durations="100" frames="16" id="12" order="-1"/>
        <tile collision="-1" data="" durations="100" frames="17" id="32" order="-1"/>
        <tile collision="-1" data="" durations="100" frames="18" id="16" order="-1"/>
        <tile collision="0" data="" durations="100" frames="19" id="15" order="-1"/>
        <tile collision="-1" data="" durations="100" frames="20" id="17" order="-1"/>
        <tile collision="-1" data="" durations="100" frames="21" id="18" order="-1"/>
        <tile collision="-1" data="" durations="100" frames="22" id="19" order="-1"/>
        <tile collision="0" data="" durations="100" frames="23" id="24" order="-1"/>
        <tile collision="0" data="" durations="100" frames="24" id="20" order="-1"/>
        <tile collision="0" data="" durations="100" frames="25" id="22" order="-1"/>
        <tile collision="0" data="" durations="100" frames="26" id="23" order="-1"/>
        <tile collision="0" data="" durations="100" frames="27" id="21" order="-1"/>
        <tile collision="0" data="" durations="100" frames="28" id="33" order="-1"/>
        <tile collision="0" data="" durations="100" frames="29" id="34" order="-1"/>
        <tile collision="25" data="" durations="100" frames="30" id="25" order="-1"/>
        <tile collision="0" data="" durations="100" frames="31" id="26" order="-1"/>
        <tile collision="0" data="" durations="100" frames="32" id="27" order="-1"/>
        <tile collision="0" data="" durations="100" frames="33" id="28" order="-1"/>
        <tile collision="-1" data="" durations="100" frames="34" id="31" order="-1"/>
        <tile collision="0" data="" durations="100" frames="35" id="9" order="-1"/>
    </tileset>
    <font alphabet=" !&quot;#$%&amp;'()*+,-./0123456789:;&lt;=&gt;?@ABCDEFGHIJKLMNOPQRSTUVWXYZ[\]^_`abcdefghijklmnopqrstuvwxyz{|}~ ¡¢£¤¥¦§¨©ª«¬­®¯°±²³´µ¶·¸¹º»¼½¾¿ÀÁÂÃÄÅÆÇÈÉÊËÌÍÎÏÐÑÒÓÔÕÖ×ØÙÚÛÜÝÞßàáâãäåæçèéêëìíîïðñòóôõö÷øùúûüýþÿĀāĂăĄąĆćĈĉĊċČčĎďĐđĒēĔĕĖėĘęĚěĜĝĞğĠġĢģĤĥĦħĨĩĪīĬĭĮįİıĲĳĴĵĶķĸĹĺĻļĽľĿŀŁłŃńŅņŇňŉŊŋŌōŎŏŐőŒœŔŕŖŗŘřŚśŜŝŞşŠšŢţŤťŦŧŨũŪūŬŭŮůŰűŲųŴŵŶŷŸŹźŻżŽžſ" atlasID="0" desc="" height="21" id="30" name="Debug" offsets="0|0|0|,5|0|5,9|0|9,15|0|15,25|0|25,35|0|35,49|0|49,61|0|61,65|0|65,70|0|70,75|0|75,82|0|82,92|0|92,95|0|95,101|0|101,105|0|105,111|0|111,121|0|121,127|0|127,137|0|137,147|0|147,157|0|157,167|0|167,177|0|177,187|0|187,197|0|197,207|0|207,210|0|210,213|0|213,223|0|223,233|0|233,243|0|243,253|0|253,270|0|270,282|0|282,292|0|292,304|0|304,315|0|315,325|0|325,334|0|334,347|0|347,358|0|358,361|0|361,369|0|369,380|0|380,389|0|389,402|0|402,413|0|413,426|0|426,436|0|436,449|0|449,461|0|461,472|0|472,483|0|483,494|0|494,506|0|506,522|0|522,534|0|534,546|0|546,557|0|557,562|0|562,568|0|568,573|0|573,582|0|582,594|0|594,599|0|599,609|0|609,618|0|618,627|0|627,636|0|636,646|0|646,652|0|652,661|0|661,669|0|669,672|0|672,677|0|677,685|0|685,688|0|688,701|0|701,709|0|709,719|0|719,728|0|728,737|0|737,743|0|743,752|0|752,758|0|758,766|0|766,775|0|775,788|0|788,797|0|797,806|0|806,815|0|815,821|0|821,824|0|824,830|0|830,840|0|840,849|0|849,850|0|850,851|0|851,852|0|852,853|0|853,854|0|854,855|0|855,856|0|856,857|0|857,858|0|858,859|0|859,860|0|860,861|0|861,862|0|862,863|0|863,864|0|864,865|0|865,866|0|866,867|0|867,868|0|868,869|0|869,870|0|870,871|0|871,872|0|872,873|0|873,874|0|874,875|0|875,876|0|876,877|0|877,878|0|878,879|0|879,880|0|880,881|0|881,886|0|886,890|0|890,900|0|900,910|0|910,920|0|920,930|0|930,933|0|933,943|0|943,949|0|949,962|0|962,969|0|969,977|0|977,987|0|987,993|0|993,1006|0|1006,1018|0|1018,1024|0|1024,1034|0|1034,1041|0|1041,1047|0|1047,1052|0|1052,1060|0|1060,1070|0|1070,1074|0|1074,1080|0|1080,1085|0|1085,1092|0|1092,1100|0|1100,1115|0|1115,1130|0|1130,1145|0|1145,1154|0|1154,1166|0|1166,1178|0|1178,1190|0|1190,1202|0|1202,1214|0|1214,1226|0|1226,1243|0|1243,1255|0|1255,1265|0|1265,1275|0|1275,1285|0|1285,1295|0|1295,1300|0|1300,1305|0|1305,1312|0|1312,1318|0|1318,1330|0|1330,1341|0|1341,1354|0|1354,1367|0|1367,1380|0|1380,1393|0|1393,1406|0|1406,1415|0|1415,1428|0|1428,1439|0|1439,1450|0|1450,1461|0|1461,1472|0|1472,1484|0|1484,1494|0|1494,1504|0|1504,1514|0|1514,1524|0|1524,1534|0|1534,1544|0|1544,1554|0|1554,1564|0|1564,1579|0|1579,1588|0|1588,1598|0|1598,1608|0|1608,1618|0|1618,1628|0|1628,1633|0|1633,1638|0|1638,1645|0|1645,1651|0|1651,1661|0|1661,1669|0|1669,1679|0|1679,1689|0|1689,1699|0|1699,1709|0|1709,1719|0|1719,1729|0|1729,1738|0|1738,1746|0|1746,1754|0|1754,1762|0|1762,1770|0|1770,1779|0|1779,1788|0|1788,1797|0|1797,1809|0|1809,1819|0|1819,1831|0|1831,1841|0|1841,1854|0|1854,1865|0|1865,1877|0|1877,1886|0|1886,1898|0|1898,1907|0|1907,1919|0|1919,1928|0|1928,1940|0|1940,1949|0|1949,1960|0|1960,1971|0|1971,1983|0|1983,1993|0|1993,2003|0|2003,2013|0|2013,2023|0|2023,2033|0|2033,2043|0|2043,2053|0|2053,2064|0|2064,2074|0|2074,2084|0|2084,2094|0|2094,2107|0|2107,2116|0|2116,2129|0|2129,2138|0|2138,2151|0|2151,2160|0|2160,2173|0|2173,2182|0|2182,2193|0|2193,2201|0|2201,2214|0|2214,2223|0|2223,2230|0|2230,2237|0|2237,2244|0|2244,2251|0|2251,2257|0|2257,2263|0|2263,2268|0|2268,2273|0|2273,2276|0|2276,2279|0|2279,2290|0|2290,2297|0|2297,2308|0|2308,2315|0|2315,2326|0|2326,2334|0|2334,2342|0|2342,2351|0|2351,2356|0|2356,2365|0|2365,2369|0|2369,2378|0|2378,2383|0|2383,2392|0|2392,2398|0|2398,2408|0|2408,2413|0|2413,2424|0|2424,2432|0|2432,2443|0|2443,2451|0|2451,2462|0|2462,2470|0|2470,2480|0|2480,2491|0|2491,2499|0|2499,2512|0|2512,2522|0|2522,2535|0|2535,2545|0|2545,2558|0|2558,2568|0|2568,2584|0|2584,2600|0|2600,2612|0|2612,2618|0|2618,2630|0|2630,2637|0|2637,2649|0|2649,2656|0|2656,2667|0|2667,2676|0|2676,2687|0|2687,2696|0|2696,2707|0|2707,2716|0|2716,2727|0|2727,2736|0|2736,2747|0|2747,2753|0|2753,2764|0|2764,2771|0|2771,2782|0|2782,2788|0|2788,2799|0|2799,2807|0|2807,2818|0|2818,2826|0|2826,2837|0|2837,2845|0|2845,2856|0|2856,2864|0|2864,2875|0|2875,2883|0|2883,2894|0|2894,2903|0|2903,2919|0|2919,2932|0|2932,2944|0|2944,2953|0|2953,2965|0|2965,2976|0|2976,2985|0|2985,2996|0|2996,3005|0|3005,3016|0|3016,3025|0|3025" oid="-1" prerendered="false" rowHeight="21" shared="false"/>
    <actor adamp="0.0" ascale="true" atlasID="0" bodytype="0" continuous="true" desc="" eventsnippetid="24" fixedrot="true" fric="0.5" gid="3" id="28" ignoreg="true" inertia="1.0" ldamp="0.0" mass="1.0" name="Door" oid="-1" pausable="true" physicsMode="0" rest="0.17" shared="false" sprite="29" static="true">
        <snippets/>
    </actor>
    <sprite atlasID="0" default="0" defaultAnimation="0" desc="" height="64" id="29" name="Door" shared="false" width="64">
        <anim across="1" down="1" durations="100" height="64" id="0" loop="true" name="Animation 0" numframes="1" originx="32" originy="32" sync="false" version="2" width="64">
            <poly data="4,17,10,45,10,45,55,17,55" density="0.1" fric="0.2" gid="-1000" id="0" name="Animation 0" rest="0.0" sensor="true"/>
        </anim>
    </sprite>
    <actor adamp="0.0" ascale="true" atlasID="0" bodytype="2" continuous="true" desc="" eventsnippetid="16" fixedrot="false" fric="0.2" gid="3" id="17" ignoreg="false" inertia="1.0" ldamp="0.0" mass="1.0" name="Eyie" oid="-1" pausable="true" physicsMode="0" rest="0.0" shared="false" sprite="18" static="false">
        <snippets/>
    </actor>
    <sprite atlasID="0" default="0" defaultAnimation="0" desc="" height="14" id="18" name="Eyie" shared="false" width="19">
        <anim across="2" down="1" durations="150,150" height="14" id="0" loop="true" name="Moving Left" numframes="2" originx="9" originy="7" sync="false" version="2" width="38">
            <poly data="4,0,0,19,0,19,14,0,14" density="0.1" fric="0.2" gid="-1000" id="0" name="Moving Left" rest="0.0" sensor="false"/>
        </anim>
        <anim across="2" down="1" durations="150,150" height="14" id="1" loop="true" name="Moving Right" numframes="2" originx="9" originy="7" sync="false" version="2" width="38">
            <poly data="4,0,0,19,0,19,14,0,14" density="0.1" fric="0.2" gid="-1000" id="0" name="Moving Right" rest="0.0" sensor="false"/>
        </anim>
        <anim across="2" down="2" durations="100,100,100,100" height="28" id="2" loop="true" name="Fire Left" numframes="4" originx="9" originy="7" sync="false" version="2" width="38">
            <poly data="4,0,0,19,0,19,14,0,14" density="0.1" fric="0.2" gid="-1000" id="0" name="Fire Left" rest="0.0" sensor="false"/>
        </anim>
        <anim across="2" down="2" durations="100,100,100,100" height="28" id="3" loop="true" name="Fire Right" numframes="4" originx="9" originy="7" sync="false" version="2" width="38">
            <poly data="4,0,0,19,0,19,14,0,14" density="0.1" fric="0.2" gid="-1000" id="0" name="Fire Right" rest="0.0" sensor="false"/>
        </anim>
    </sprite>
    <tileset across="6" atlasID="0" desc="" down="10" id="0" name="Foreground" oid="-1" shared="false" th="32" tw="32">
        <tile collision="0" data="platform" durations="100" frames="0" id="0" order="-1"/>
        <tile collision="0" data="platform" durations="100" frames="1" id="1" order="-1"/>
        <tile collision="0" data="platform" durations="100" frames="2" id="2" order="-1"/>
        <tile collision="0" data="platform" durations="100" frames="3" id="3" order="-1"/>
        <tile collision="0" data="platform" durations="100" frames="4" id="4" order="-1"/>
        <tile collision="0" data="platform" durations="100" frames="5" id="5" order="-1"/>
        <tile collision="0" data="platform" durations="100" frames="6" id="6" order="-1"/>
        <tile collision="0" data="platform" durations="100" frames="7" id="7" order="-1"/>
        <tile collision="0" data="platform" durations="100" frames="8" id="8" order="-1"/>
        <tile collision="25" data="1/2 platform" durations="100" frames="9" id="9" order="-1"/>
        <tile collision="25" data="1/2 platform" durations="100" frames="10" id="10" order="-1"/>
        <tile collision="25" data="1/2 platform" durations="100" frames="11" id="11" order="-1"/>
        <tile collision="9" data="" durations="100" frames="12" id="12" order="-1"/>
        <tile collision="10" data="" durations="100" frames="13" id="13" order="-1"/>
        <tile collision="0" data="" durations="100" frames="14" id="14" order="-1"/>
        <tile collision="6" data="45r" durations="100" frames="15" id="15" order="-1"/>
        <tile collision="5" data="45l" durations="100" frames="16" id="16" order="-1"/>
        <tile collision="-1" data="" durations="100" frames="17" id="17" order="-1"/>
        <tile collision="-1" data="" durations="100" frames="18" id="18" order="-1"/>
        <tile collision="-1" data="" durations="100" frames="19" id="19" order="-1"/>
        <tile collision="0" data="" durations="100" frames="20" id="20" order="-1"/>
        <tile collision="0" data="" durations="100" frames="21" id="21" order="-1"/>
        <tile collision="0" data="" durations="100" frames="22" id="22" order="-1"/>
        <tile collision="0" data="" durations="100" frames="23" id="23" order="-1"/>
        <tile collision="0" data="" durations="100" frames="24" id="24" order="-1"/>
        <tile collision="0" data="" durations="100" frames="25" id="25" order="-1"/>
        <tile collision="0" data="" durations="100" frames="26" id="26" order="-1"/>
        <tile collision="0" data="" durations="100" frames="27" id="27" order="-1"/>
        <tile collision="9" data="" durations="100" frames="28" id="28" order="-1"/>
        <tile collision="13" data="" durations="100" frames="29" id="29" order="-1"/>
        <tile collision="10" data="" durations="100" frames="30" id="30" order="-1"/>
        <tile collision="14" data="" durations="100" frames="31" id="31" order="-1"/>
        <tile collision="25" data="1/2 platform" durations="100" frames="32" id="32" order="-1"/>
        <tile collision="25" data="1/2 platform" durations="100" frames="33" id="33" order="-1"/>
        <tile collision="25" data="1/2 platform" durations="100" frames="34" id="34" order="-1"/>
        <tile collision="0" data="" durations="100" frames="35" id="35" order="-1"/>
        <tile collision="-1" data="" durations="100" frames="36" id="44" order="-1"/>
        <tile collision="-1" data="" durations="100" frames="37" id="43" order="-1"/>
        <tile collision="-1" data="" durations="100" frames="38" id="38" order="-1"/>
        <tile collision="-1" data="" durations="100" frames="39" id="39" order="-1"/>
        <tile collision="-1" data="" durations="100" frames="40" id="40" order="-1"/>
        <tile collision="-1" data="" durations="100" frames="41" id="41" order="-1"/>
        <tile collision="-1" data="" durations="100" frames="42" id="63" order="-1"/>
        <tile collision="-1" data="" durations="100" frames="43" id="64" order="-1"/>
        <tile collision="-1" data="" durations="100" frames="44" id="47" order="-1"/>
        <tile collision="-1" data="" durations="100" frames="45" id="48" order="-1"/>
        <tile collision="-1" data="" durations="100" frames="46" id="49" order="-1"/>
        <tile collision="-1" data="" durations="100" frames="47" id="50" order="-1"/>
        <tile collision="-1" data="" durations="100" frames="48" id="65" order="-1"/>
        <tile collision="-1" data="" durations="100" frames="49" id="66" order="-1"/>
        <tile collision="-1" data="" durations="100" frames="50" id="53" order="-1"/>
        <tile collision="-1" data="" durations="100" frames="51" id="54" order="-1"/>
        <tile collision="-1" data="" durations="100" frames="52" id="55" order="-1"/>
        <tile collision="-1" data="" durations="100" frames="53" id="56" order="-1"/>
        <tile collision="-1" data="" durations="100" frames="54" id="57" order="-1"/>
        <tile collision="-1" data="" durations="100" frames="55" id="58" order="-1"/>
        <tile collision="-1" data="" durations="100" frames="56" id="59" order="-1"/>
        <tile collision="-1" data="" durations="100" frames="57" id="60" order="-1"/>
        <tile collision="-1" data="" durations="100" frames="58" id="61" order="-1"/>
        <tile collision="-1" data="" durations="100" frames="59" id="62" order="-1"/>
    </tileset>
    <actor adamp="0.0" ascale="true" atlasID="0" bodytype="2" continuous="true" desc="" eventsnippetid="17" fixedrot="false" fric="0.2" gid="3" id="19" ignoreg="false" inertia="1.0" ldamp="0.0" mass="1.0" name="FyierBaille" oid="-1" pausable="true" physicsMode="0" rest="0.0" shared="false" sprite="20" static="false">
        <snippets/>
    </actor>
    <sprite atlasID="0" default="0" defaultAnimation="0" desc="" height="12" id="20" name="FyierBaille" shared="false" width="11">
        <anim across="2" down="2" durations="150,100,150" height="24" id="0" loop="true" name="Fire Right" numframes="3" originx="5" originy="6" sync="false" version="2" width="22">
            <poly data="4,0,0,11,0,11,12,0,12" density="0.1" fric="0.2" gid="-1000" id="0" name="Fire Right" rest="0.0" sensor="false"/>
        </anim>
        <anim across="2" down="2" durations="150,100,150" height="24" id="1" loop="true" name="Fire Left" numframes="3" originx="5" originy="6" sync="false" version="2" width="22">
            <poly data="4,0,0,11,0,11,12,0,12" density="0.1" fric="0.2" gid="-1000" id="0" name="Fire Left" rest="0.0" sensor="false"/>
        </anim>
        <anim across="3" down="2" durations="125,125,125,150,125" height="24" id="2" loop="true" name="Charge Right" numframes="5" originx="5" originy="6" sync="false" version="2" width="33">
            <poly data="4,0,0,11,0,11,12,0,12" density="0.1" fric="0.2" gid="-1000" id="0" name="Charge Right" rest="0.0" sensor="false"/>
        </anim>
        <anim across="3" down="2" durations="125,125,125,150,125" height="24" id="3" loop="true" name="Charge Left" numframes="5" originx="5" originy="6" sync="false" version="2" width="33">
            <poly data="4,0,0,11,0,11,12,0,12" density="0.1" fric="0.2" gid="-1000" id="0" name="Charge Left" rest="0.0" sensor="false"/>
        </anim>
    </sprite>
    <actor adamp="0.0" ascale="true" atlasID="0" bodytype="2" continuous="true" desc="" eventsnippetid="1" fixedrot="false" fric="0.2" gid="3" id="2" ignoreg="false" inertia="1.0" ldamp="0.0" mass="1.0" name="Giant Skellyton" oid="-1" pausable="true" physicsMode="0" rest="0.0" shared="false" sprite="3" static="false">
        <snippets/>
    </actor>
    <actor adamp="0.0" ascale="true" atlasID="0" bodytype="2" continuous="true" desc="" eventsnippetid="3" fixedrot="true" fric="0.2" gid="0" id="6" ignoreg="false" inertia="1.0" ldamp="0.0" mass="1.0" name="Player1" oid="-1" pausable="true" physicsMode="0" rest="0.0" shared="false" sprite="7" static="false">
        <snippets>
            <s enabled="false" id="14">
                <prop id="2147483647" list="0" val="thisactor"/>
                <prop id="1" list="0" val="0.5"/>
                <prop id="2" list="0" val="0.5"/>
                <prop id="3" list="0" val="-1"/>
            </s>
        </snippets>
    </actor>
    <sprite atlasID="0" default="0" defaultAnimation="0" desc="" height="39" id="7" name="Player1" shared="false" width="64">
        <anim across="3" down="2" durations="100,100,100,100,50" height="78" id="0" loop="true" name="Walk Right" numframes="5" originx="32" originy="19" sync="false" version="2" width="192">
            <poly data="4,22,7,40,7,40,39,22,39" density="0.1" fric="0.2" gid="10" id="0" name="Animation 0" rest="0.0" sensor="false"/>
        </anim>
        <anim across="3" down="2" durations="100,100,100,100,50" height="78" id="1" loop="true" name="Walk Left" numframes="5" originx="32" originy="19" sync="false" version="2" width="192">
            <poly data="4,23,7,41,7,41,39,23,39" density="0.1" fric="0.2" gid="10" id="0" name="Walk Left" rest="0.0" sensor="false"/>
        </anim>
        <anim across="3" down="2" durations="75,75,75,75,125" height="78" id="2" loop="true" name="Whip Right" numframes="5" originx="32" originy="19" sync="false" version="2" width="192">
            <poly data="4,42,10,64,10,64,25,42,25" density="0.1" fric="0.2" gid="-1000" id="0" name="Whip Right" rest="0.0" sensor="true"/>
            <poly data="4,22,7,42,7,42,39,22,39" density="0.1" fric="0.2" gid="10" id="2" name="Player Collision" rest="0.0" sensor="false"/>
        </anim>
        <anim across="3" down="2" durations="75,75,75,75,125" height="78" id="3" loop="true" name="Whip Left" numframes="5" originx="32" originy="19" sync="false" version="2" width="192">
            <poly data="4,0,10,22,10,22,25,0,25" density="0.1" fric="0.2" gid="-1000" id="0" name="Whip Left" rest="0.0" sensor="true"/>
            <poly data="4,22,7,42,7,42,39,22,39" density="0.1" fric="0.2" gid="10" id="1" name="Box" rest="0.0" sensor="false"/>
        </anim>
        <anim across="1" down="1" durations="100" height="39" id="4" loop="false" name="Idle Right" numframes="1" originx="32" originy="19" sync="false" version="2" width="64">
            <poly data="4,22,7,40,7,40,39,22,39" density="0.1" fric="0.2" gid="10" id="0" name="Idle Right" rest="0.0" sensor="false"/>
        </anim>
        <anim across="1" down="1" durations="100" height="39" id="5" loop="false" name="Idle Left" numframes="1" originx="32" originy="19" sync="false" version="2" width="64">
            <poly data="4,23,7,41,7,41,39,23,39" density="0.1" fric="0.2" gid="10" id="0" name="Idle Left" rest="0.0" sensor="false"/>
        </anim>
        <anim across="3" down="2" durations="100,100,100,100,50" height="78" id="6" loop="true" name="Jump Left" numframes="5" originx="32" originy="19" sync="false" version="2" width="192">
            <poly data="4,23,7,41,7,41,39,23,39" density="0.1" fric="0.2" gid="10" id="0" name="Walk Left" rest="0.0" sensor="false"/>
        </anim>
        <anim across="3" down="2" durations="100,100,100,100,50" height="78" id="7" loop="true" name="Jump Right" numframes="5" originx="32" originy="19" sync="false" version="2" width="192">
            <poly data="4,22,7,40,7,40,39,22,39" density="0.1" fric="0.2" gid="10" id="0" name="Animation 0" rest="0.0" sensor="false"/>
        </anim>
    </sprite>
    <sprite atlasID="0" default="0" defaultAnimation="0" desc="" height="64" id="3" name="Skellyton" shared="false" width="38">
        <anim across="2" down="2" durations="150,150,150" height="128" id="0" loop="true" name="Walk Left" numframes="3" originx="19" originy="32" sync="false" version="2" width="76">
            <poly data="4,0,0,38,0,38,64,0,64" density="0.1" fric="0.2" gid="-1000" id="0" name="Animation 0" rest="0.0" sensor="false"/>
        </anim>
        <anim across="2" down="2" durations="150,150,150" height="128" id="1" loop="true" name="Walk Right" numframes="3" originx="19" originy="32" sync="false" version="2" width="76">
            <poly data="4,0,0,38,0,38,64,0,64" density="0.1" fric="0.2" gid="-1000" id="0" name="Animation 1" rest="0.0" sensor="false"/>
        </anim>
    </sprite>
    <actor adamp="0.0" ascale="true" atlasID="0" bodytype="0" continuous="true" desc="" eventsnippetid="12" fixedrot="false" fric="0.2" gid="4" id="12" ignoreg="false" inertia="1.0" ldamp="0.0" mass="1.0" name="skellyton wall" oid="-1" pausable="true" physicsMode="0" rest="0.0" shared="false" sprite="13" static="true">
        <snippets/>
    </actor>
    <sprite atlasID="0" default="0" defaultAnimation="0" desc="" height="64" id="13" name="skellyton wall" shared="false" width="64">
        <anim across="1" down="1" durations="100" height="64" id="0" loop="true" name="Animation 0" numframes="1" originx="32" originy="32" sync="false" version="2" width="64">
            <poly data="4,16,32,48,32,48,64,16,64" density="0.1" fric="0.2" gid="-1000" id="0" name="default" rest="0.0" sensor="false"/>
        </anim>
    </sprite>
    <actor adamp="0.0" ascale="true" atlasID="0" bodytype="2" continuous="true" desc="" eventsnippetid="2" fixedrot="true" fric="0.2" gid="5" id="4" ignoreg="false" inertia="1.0" ldamp="0.0" mass="1.0" name="Small Skellyton" oid="-1" pausable="true" physicsMode="0" rest="0.0" shared="false" sprite="5" static="false">
        <snippets/>
    </actor>
    <sprite atlasID="0" default="0" defaultAnimation="0" desc="" height="32" id="5" name="Small Skellyton" shared="false" width="19">
        <anim across="2" down="2" durations="150,150,150,100" height="64" id="0" loop="true" name="Walk Left" numframes="4" originx="9" originy="16" sync="false" version="2" width="38">
            <poly data="4,0,0,19,0,19,32,0,32" density="0.1" fric="0.2" gid="-1000" id="0" name="Animation 0" rest="0.0" sensor="false"/>
        </anim>
        <anim across="2" down="2" durations="150,150,150,100" height="64" id="1" loop="true" name="Walk Right" numframes="4" originx="9" originy="16" sync="false" version="2" width="38">
            <poly data="4,0,0,19,0,19,32,0,32" density="0.1" fric="0.2" gid="-1000" id="0" name="Animation 1" rest="0.0" sensor="false"/>
        </anim>
        <anim across="2" down="2" durations="100,100,100" height="64" id="2" loop="true" name="Death" numframes="3" originx="9" originy="16" sync="false" version="2" width="38"/>
    </sprite>
    <sprite atlasID="0" default="0" defaultAnimation="0" desc="" height="32" id="15" name="Spikes" shared="false" width="32">
        <anim across="1" down="1" durations="100" height="32" id="0" loop="true" name="Animation 0" numframes="1" originx="16" originy="16" sync="false" version="2" width="32">
            <poly data="4,0,20,32,20,32,32,0,32" density="0.1" fric="0.2" gid="-1000" id="0" name="Animation 0" rest="0.0" sensor="false"/>
        </anim>
    </sprite>
    <actor adamp="0.0" ascale="true" atlasID="0" bodytype="0" continuous="true" desc="" eventsnippetid="13" fixedrot="false" fric="0.2" gid="3" id="14" ignoreg="false" inertia="1.0" ldamp="0.0" mass="1.0" name="Spikes Down" oid="-1" pausable="true" physicsMode="0" rest="0.0" shared="false" sprite="15" static="true">
        <snippets/>
    </actor>
    <background atlasID="0" desc="" durations="500,100" dx="-0.0" dy="-0.0" height="256" id="16" name="Start Screen" numframes="2" oid="-1" repeats="false" resized="false" shared="false" width="416" xpf="1.0" ypf="1.0"/>
</pack>
