<?xml version="1.0" encoding="UTF-8" standalone="no"?>
<scene depth="2" desc="" eventsnippetid="0" extheight="736" extwidth="2624" extx="-32" exty="-32" format="3.4.0" gravx="-0.0" gravy="65.0" height="672" id="0" name="Level 1" revision="" savecount="0" tiled="1" tileh="32" tilew="32" type="standard" width="2528">
    <layers>
        <color-bg blue="255" green="255" red="255"/>
        <layer blendMode="normal" color="0,255,0" id="1" locked="false" name="Layer 1" opacity="100" order="1" scrollFactorX="1.0" scrollFactorY="1.0" visible="true"/>
        <layer blendMode="normal" color="100,168,234" id="0" locked="false" name="Layer 0" opacity="100" order="0" scrollFactorX="1.0" scrollFactorY="1.0" visible="true"/>
    </layers>
    <joints/>
    <regions/>
    <terrainRegions/>
    <actors>
        <actor a="0.0" aid="9" c="false" group="5" id="4" name="Small Skellyton 9" sx="1.0" sy="1.0" x="515" y="544" z="0"/>
        <actor a="0.0" aid="10" c="false" group="5" id="4" name="Small Skellyton 10" sx="1.0" sy="1.0" x="721" y="544" z="0"/>
        <actor a="0.0" aid="11" c="false" group="5" id="4" name="Small Skellyton 11" sx="1.0" sy="1.0" x="134" y="608" z="0"/>
        <actor a="0.0" aid="12" c="false" group="5" id="4" name="Small Skellyton 12" sx="1.0" sy="1.0" x="1016" y="608" z="0"/>
        <actor a="0.0" aid="13" c="false" group="5" id="4" name="Small Skellyton 13" sx="1.0" sy="1.0" x="1286" y="608" z="0"/>
        <actor a="0.0" aid="15" c="false" group="5" id="4" name="Small Skellyton 15" sx="1.0" sy="1.0" x="1732" y="480" z="0"/>
        <actor a="0.0" aid="16" c="false" group="5" id="4" name="Small Skellyton 16" sx="1.0" sy="1.0" x="2243" y="576" z="0"/>
        <actor a="0.0" aid="18" c="false" group="3" id="8" name="Bat 18" sx="1.0" sy="1.0" x="194" y="485" z="0"/>
        <actor a="0.0" aid="19" c="false" group="3" id="8" name="Bat 19" sx="1.0" sy="1.0" x="1211" y="408" z="0"/>
        <actor a="0.0" aid="20" c="false" group="3" id="8" name="Bat 20" sx="1.0" sy="1.0" x="2239" y="491" z="0"/>
        <actor a="0.0" aid="21" c="false" group="4" id="12" name="skellyton wall 21" sx="1.0" sy="1.0" x="142" y="596" z="0"/>
        <actor a="0.0" aid="22" c="false" group="4" id="12" name="skellyton wall 22" sx="1.0" sy="1.0" x="-18" y="599" z="0"/>
        <actor a="0.0" aid="23" c="false" group="4" id="12" name="skellyton wall 23" sx="1.0" sy="1.0" x="452" y="535" z="0"/>
        <actor a="0.0" aid="24" c="false" group="4" id="12" name="skellyton wall 24" sx="1.0" sy="1.0" x="587" y="532" z="0"/>
        <actor a="0.0" aid="25" c="false" group="4" id="12" name="skellyton wall 25" sx="1.0" sy="1.0" x="631" y="530" z="0"/>
        <actor a="0.0" aid="26" c="false" group="4" id="12" name="skellyton wall 26" sx="1.0" sy="1.0" x="911" y="533" z="0"/>
        <actor a="0.0" aid="27" c="false" group="4" id="12" name="skellyton wall 27" sx="1.0" sy="1.0" x="968" y="598" z="0"/>
        <actor a="0.0" aid="28" c="false" group="4" id="12" name="skellyton wall 28" sx="1.0" sy="1.0" x="1327" y="599" z="0"/>
        <actor a="0.0" aid="29" c="false" group="4" id="12" name="skellyton wall 29" sx="1.0" sy="1.0" x="1621" y="466" z="0"/>
        <actor a="0.0" aid="30" c="false" group="4" id="12" name="skellyton wall 30" sx="1.0" sy="1.0" x="1746" y="471" z="0"/>
        <actor a="0.0" aid="31" c="false" group="4" id="12" name="skellyton wall 31" sx="1.0" sy="1.0" x="2166" y="564" z="0"/>
        <actor a="0.0" aid="32" c="false" group="4" id="12" name="skellyton wall 32" sx="1.0" sy="1.0" x="2289" y="567" z="0"/>
        <actor a="0.0" aid="36" c="false" group="3" id="14" name="Spikes Down 36" sx="1.0" sy="1.0" x="256" y="640" z="0"/>
        <actor a="0.0" aid="37" c="false" group="3" id="14" name="Spikes Down 37" sx="1.0" sy="1.0" x="160" y="640" z="0"/>
        <actor a="0.0" aid="38" c="false" group="3" id="14" name="Spikes Down 38" sx="1.0" sy="1.0" x="192" y="640" z="0"/>
        <actor a="0.0" aid="39" c="false" group="3" id="14" name="Spikes Down 39" sx="1.0" sy="1.0" x="224" y="640" z="0"/>
        <actor a="0.0" aid="40" c="false" group="3" id="14" name="Spikes Down 40" sx="1.0" sy="1.0" x="608" y="608" z="0"/>
        <actor a="0.0" aid="41" c="false" group="3" id="14" name="Spikes Down 41" sx="1.0" sy="1.0" x="640" y="608" z="0"/>
        <actor a="0.0" aid="42" c="false" group="3" id="14" name="Spikes Down 42" sx="1.0" sy="1.0" x="928" y="608" z="0"/>
        <actor a="0.0" aid="43" c="false" group="3" id="14" name="Spikes Down 43" sx="1.0" sy="1.0" x="960" y="608" z="0"/>
        <actor a="0.0" aid="44" c="false" group="3" id="14" name="Spikes Down 44" sx="1.0" sy="1.0" x="1344" y="640" z="0"/>
        <actor a="0.0" aid="45" c="false" group="3" id="14" name="Spikes Down 45" sx="1.0" sy="1.0" x="1376" y="640" z="0"/>
        <actor a="0.0" aid="46" c="false" group="3" id="14" name="Spikes Down 46" sx="1.0" sy="1.0" x="1408" y="640" z="0"/>
        <actor a="0.0" aid="47" c="false" group="3" id="14" name="Spikes Down 47" sx="1.0" sy="1.0" x="1440" y="640" z="0"/>
        <actor a="0.0" aid="48" c="false" group="3" id="14" name="Spikes Down 48" sx="1.0" sy="1.0" x="1472" y="640" z="0"/>
        <actor a="0.0" aid="49" c="false" group="3" id="14" name="Spikes Down 49" sx="1.0" sy="1.0" x="1760" y="640" z="1"/>
        <actor a="0.0" aid="50" c="false" group="3" id="14" name="Spikes Down 50" sx="1.0" sy="1.0" x="1792" y="640" z="1"/>
        <actor a="0.0" aid="51" c="false" group="3" id="14" name="Spikes Down 51" sx="1.0" sy="1.0" x="2144" y="608" z="1"/>
        <actor a="0.0" aid="52" c="false" group="3" id="14" name="Spikes Down 52" sx="1.0" sy="1.0" x="2176" y="608" z="1"/>
        <actor a="0.0" aid="53" c="false" group="3" id="14" name="Spikes Down 53" sx="1.0" sy="1.0" x="2105" y="623" z="1"/>
        <actor a="0.0" aid="54" c="false" group="0" id="6" name="Player1 54" sx="1.0" sy="1.0" x="-18" y="601" z="0"/>
        <actor a="0.0" aid="55" c="false" group="3" id="22" name="Axe Item 55" sx="1.0" sy="1.0" x="826" y="555" z="0"/>
        <actor a="0.0" aid="56" c="false" group="3" id="28" name="Door 56" sx="1.0" sy="1.0" x="2436" y="422" z="1"/>
    </actors>
    <snippets/>
    <terrain>
        <p pts="4,0.0,32.0,0.0,0.0,96.0,0.0,96.0,32.0" x="640.0" y="448.0"/>
        <p pts="7,0.0,160.0,0.0,128.0,32.0,128.0,128.0,32.0,160.0,0.0,256.0,0.0,256.0,160.0" x="1504.0" y="512.0"/>
        <p pts="3,32.0,32.0,0.0,32.0,32.0,0.0" x="480.0" y="512.0"/>
        <p pts="4,32.0,0.0,32.0,32.0,0.0,32.0,0.0,0.0" x="1184.0" y="512.0"/>
        <p pts="4,32.0,0.0,32.0,32.0,0.0,32.0,0.0,0.0" x="1440.0" y="544.0"/>
        <p pts="4,160.0,0.0,160.0,32.0,0.0,32.0,0.0,0.0" x="0.0" y="640.0"/>
        <p pts="6,0.0,64.0,64.0,64.0,64.0,0.0,32.0,0.0,32.0,32.0,0.0,32.0" x="2368.0" y="544.0"/>
        <p pts="17,1824.0,672.0,1824.0,512.0,2048.0,512.0,2144.0,608.0,2144.0,640.0,2208.0,640.0,2208.0,608.0,2304.0,608.0,2432.0,480.0,2496.0,480.0,2496.0,384.0,448.0,384.0,448.0,416.0,0.0,416.0,0.0,0.0,2528.0,0.0,2528.0,672.0" x="0.0" y="0.0"/>
        <p pts="4,32.0,0.0,32.0,32.0,0.0,32.0,0.0,0.0" x="192.0" y="576.0"/>
        <p pts="15,0.0,128.0,0.0,96.0,64.0,96.0,128.0,32.0,160.0,32.0,192.0,0.0,192.0,32.0,320.0,32.0,320.0,96.0,384.0,96.0,384.0,32.0,640.0,32.0,640.0,96.0,1056.0,96.0,1056.0,128.0" x="288.0" y="544.0"/>
        <p pts="4,64.0,0.0,64.0,32.0,0.0,32.0,0.0,0.0" x="1088.0" y="480.0"/>
        <p pts="4,0.0,32.0,0.0,0.0,96.0,0.0,96.0,32.0" x="1248.0" y="480.0"/>
        <p pts="4,32.0,0.0,64.0,0.0,64.0,32.0,0.0,32.0" x="512.0" y="480.0"/>
        <p pts="4,32.0,0.0,32.0,32.0,0.0,32.0,0.0,0.0" x="992.0" y="512.0"/>
        <p pts="4,32.0,0.0,32.0,32.0,0.0,32.0,0.0,0.0" x="576.0" y="448.0"/>
    </terrain>
    <atlases members="" retainAtlases="true"/>
</scene>
