<?xml version="1.0" encoding="UTF-8" standalone="no"?>
<scene depth="2" desc="" eventsnippetid="23" extheight="864" extwidth="9664" extx="-32" exty="-32" format="3.4.0" gravx="-0.0" gravy="65.0" height="800" id="5" name="Castle Entrance" revision="" savecount="0" tiled="1" tileh="32" tilew="32" type="standard" width="9600">
    <layers>
        <color-bg blue="255" green="255" red="255"/>
        <layer blendMode="normal" color="0,255,0" id="1" locked="false" name="Layer 1" opacity="100" order="1" scrollFactorX="1.0" scrollFactorY="1.0" visible="true"/>
        <layer blendMode="normal" color="100,168,234" id="0" locked="false" name="Layer 0" opacity="100" order="0" scrollFactorX="1.0" scrollFactorY="1.0" visible="true"/>
    </layers>
    <joints/>
    <regions/>
    <terrainRegions/>
    <actors>
        <actor a="0.0" aid="1" c="false" group="3" id="14" name="Spikes Down 1" sx="1.0" sy="1.0" x="3584" y="736" z="0"/>
        <actor a="0.0" aid="2" c="false" group="3" id="14" name="Spikes Down 2" sx="1.0" sy="1.0" x="3616" y="736" z="0"/>
        <actor a="0.0" aid="3" c="false" group="3" id="14" name="Spikes Down 3" sx="1.0" sy="1.0" x="3648" y="736" z="0"/>
        <actor a="0.0" aid="4" c="false" group="3" id="14" name="Spikes Down 4" sx="1.0" sy="1.0" x="3680" y="736" z="0"/>
        <actor a="0.0" aid="5" c="false" group="3" id="14" name="Spikes Down 5" sx="1.0" sy="1.0" x="3712" y="736" z="0"/>
        <actor a="0.0" aid="6" c="false" group="3" id="14" name="Spikes Down 6" sx="1.0" sy="1.0" x="3744" y="736" z="0"/>
        <actor a="0.0" aid="7" c="false" group="3" id="14" name="Spikes Down 7" sx="1.0" sy="1.0" x="3776" y="736" z="0"/>
        <actor a="0.0" aid="8" c="false" group="3" id="14" name="Spikes Down 8" sx="1.0" sy="1.0" x="3808" y="736" z="0"/>
        <actor a="0.0" aid="9" c="false" group="3" id="14" name="Spikes Down 9" sx="1.0" sy="1.0" x="3840" y="736" z="0"/>
        <actor a="0.0" aid="15" c="false" group="3" id="14" name="Spikes Down 15" sx="1.0" sy="1.0" x="4032" y="736" z="0"/>
        <actor a="0.0" aid="16" c="false" group="3" id="14" name="Spikes Down 16" sx="1.0" sy="1.0" x="4064" y="736" z="0"/>
        <actor a="0.0" aid="17" c="false" group="3" id="14" name="Spikes Down 17" sx="1.0" sy="1.0" x="4096" y="736" z="0"/>
        <actor a="0.0" aid="18" c="false" group="3" id="14" name="Spikes Down 18" sx="1.0" sy="1.0" x="4128" y="736" z="0"/>
        <actor a="0.0" aid="19" c="false" group="3" id="14" name="Spikes Down 19" sx="1.0" sy="1.0" x="4160" y="736" z="0"/>
        <actor a="0.0" aid="20" c="false" group="3" id="14" name="Spikes Down 20" sx="1.0" sy="1.0" x="4192" y="736" z="0"/>
        <actor a="0.0" aid="21" c="false" group="3" id="14" name="Spikes Down 21" sx="1.0" sy="1.0" x="4224" y="736" z="0"/>
        <actor a="0.0" aid="22" c="false" group="5" id="4" name="Small Skellyton 22" sx="1.0" sy="1.0" x="3752" y="448" z="1"/>
        <actor a="0.0" aid="23" c="false" group="4" id="12" name="skellyton wall 23" sx="1.0" sy="1.0" x="3790" y="432" z="1"/>
        <actor a="0.0" aid="24" c="false" group="4" id="12" name="skellyton wall 24" sx="1.0" sy="1.0" x="3574" y="429" z="1"/>
        <actor a="0.0" aid="31" c="false" group="5" id="4" name="Small Skellyton 31" sx="1.0" sy="1.0" x="897" y="672" z="1"/>
        <actor a="0.0" aid="32" c="false" group="5" id="4" name="Small Skellyton 32" sx="1.0" sy="1.0" x="780" y="672" z="1"/>
        <actor a="0.0" aid="33" c="false" group="5" id="4" name="Small Skellyton 33" sx="1.0" sy="1.0" x="620" y="672" z="1"/>
        <actor a="0.0" aid="34" c="false" group="4" id="12" name="skellyton wall 34" sx="1.0" sy="1.0" x="485" y="651" z="1"/>
        <actor a="0.0" aid="35" c="false" group="4" id="12" name="skellyton wall 35" sx="1.0" sy="1.0" x="981" y="651" z="1"/>
        <actor a="0.0" aid="36" c="false" group="5" id="4" name="Small Skellyton 36" sx="1.0" sy="1.0" x="1481" y="479" z="1"/>
        <actor a="0.0" aid="37" c="false" group="5" id="4" name="Small Skellyton 37" sx="1.0" sy="1.0" x="1551" y="479" z="1"/>
        <actor a="0.0" aid="38" c="false" group="5" id="4" name="Small Skellyton 38" sx="1.0" sy="1.0" x="1815" y="479" z="1"/>
        <actor a="0.0" aid="39" c="false" group="5" id="4" name="Small Skellyton 39" sx="1.0" sy="1.0" x="1933" y="479" z="1"/>
        <actor a="0.0" aid="41" c="false" group="3" id="14" name="Spikes Down 41" sx="1.0" sy="1.0" x="3840" y="544" z="0"/>
        <actor a="0.0" aid="42" c="false" group="3" id="14" name="Spikes Down 42" sx="1.0" sy="1.0" x="3808" y="544" z="0"/>
        <actor a="0.0" aid="43" c="false" group="3" id="14" name="Spikes Down 43" sx="1.0" sy="1.0" x="4256" y="736" z="0"/>
        <actor a="0.0" aid="44" c="false" group="3" id="14" name="Spikes Down 44" sx="1.0" sy="1.0" x="4288" y="736" z="0"/>
        <actor a="0.0" aid="45" c="false" group="3" id="14" name="Spikes Down 45" sx="1.0" sy="1.0" x="4320" y="736" z="0"/>
        <actor a="0.0" aid="46" c="false" group="3" id="14" name="Spikes Down 46" sx="1.0" sy="1.0" x="4352" y="736" z="0"/>
        <actor a="0.0" aid="47" c="false" group="3" id="14" name="Spikes Down 47" sx="1.0" sy="1.0" x="4384" y="736" z="0"/>
        <actor a="0.0" aid="48" c="false" group="3" id="14" name="Spikes Down 48" sx="1.0" sy="1.0" x="4416" y="736" z="0"/>
        <actor a="0.0" aid="49" c="false" group="3" id="14" name="Spikes Down 49" sx="1.0" sy="1.0" x="4448" y="736" z="0"/>
        <actor a="0.0" aid="50" c="false" group="3" id="14" name="Spikes Down 50" sx="1.0" sy="1.0" x="4480" y="736" z="0"/>
        <actor a="0.0" aid="51" c="false" group="3" id="14" name="Spikes Down 51" sx="1.0" sy="1.0" x="4512" y="736" z="0"/>
        <actor a="0.0" aid="52" c="false" group="3" id="14" name="Spikes Down 52" sx="1.0" sy="1.0" x="4544" y="736" z="0"/>
        <actor a="0.0" aid="53" c="false" group="3" id="14" name="Spikes Down 53" sx="1.0" sy="1.0" x="4576" y="736" z="0"/>
        <actor a="0.0" aid="54" c="false" group="3" id="14" name="Spikes Down 54" sx="1.0" sy="1.0" x="4608" y="736" z="0"/>
        <actor a="0.0" aid="55" c="false" group="3" id="14" name="Spikes Down 55" sx="1.0" sy="1.0" x="4640" y="736" z="0"/>
        <actor a="0.0" aid="56" c="false" group="3" id="14" name="Spikes Down 56" sx="1.0" sy="1.0" x="4672" y="736" z="0"/>
        <actor a="0.0" aid="57" c="false" group="3" id="14" name="Spikes Down 57" sx="1.0" sy="1.0" x="4704" y="736" z="0"/>
        <actor a="0.0" aid="58" c="false" group="3" id="14" name="Spikes Down 58" sx="1.0" sy="1.0" x="4736" y="736" z="0"/>
        <actor a="0.0" aid="59" c="false" group="3" id="14" name="Spikes Down 59" sx="1.0" sy="1.0" x="4768" y="736" z="0"/>
        <actor a="0.0" aid="60" c="false" group="3" id="14" name="Spikes Down 60" sx="1.0" sy="1.0" x="4800" y="736" z="0"/>
        <actor a="0.0" aid="61" c="false" group="3" id="14" name="Spikes Down 61" sx="1.0" sy="1.0" x="4832" y="736" z="0"/>
        <actor a="0.0" aid="62" c="false" group="3" id="14" name="Spikes Down 62" sx="1.0" sy="1.0" x="4864" y="736" z="0"/>
        <actor a="0.0" aid="63" c="false" group="3" id="14" name="Spikes Down 63" sx="1.0" sy="1.0" x="4896" y="736" z="0"/>
        <actor a="0.0" aid="64" c="false" group="3" id="14" name="Spikes Down 64" sx="1.0" sy="1.0" x="4928" y="736" z="0"/>
        <actor a="0.0" aid="65" c="false" group="5" id="4" name="Small Skellyton 65" sx="1.0" sy="1.0" x="4133" y="480" z="1"/>
        <actor a="0.0" aid="66" c="false" group="4" id="12" name="skellyton wall 66" sx="1.0" sy="1.0" x="4021" y="460" z="1"/>
        <actor a="0.0" aid="67" c="false" group="4" id="12" name="skellyton wall 67" sx="1.0" sy="1.0" x="4237" y="463" z="1"/>
        <actor a="0.0" aid="71" c="false" group="3" id="14" name="Spikes Down 71" sx="1.0" sy="1.0" x="4960" y="736" z="1"/>
        <actor a="0.0" aid="72" c="false" group="3" id="14" name="Spikes Down 72" sx="1.0" sy="1.0" x="4992" y="736" z="1"/>
        <actor a="0.0" aid="73" c="false" group="3" id="14" name="Spikes Down 73" sx="1.0" sy="1.0" x="5024" y="736" z="1"/>
        <actor a="0.0" aid="74" c="false" group="3" id="14" name="Spikes Down 74" sx="1.0" sy="1.0" x="5056" y="736" z="1"/>
        <actor a="0.0" aid="75" c="false" group="3" id="14" name="Spikes Down 75" sx="1.0" sy="1.0" x="5088" y="736" z="1"/>
        <actor a="0.0" aid="76" c="false" group="3" id="14" name="Spikes Down 76" sx="1.0" sy="1.0" x="5120" y="736" z="1"/>
        <actor a="0.0" aid="77" c="false" group="3" id="14" name="Spikes Down 77" sx="1.0" sy="1.0" x="5152" y="736" z="1"/>
        <actor a="0.0" aid="78" c="false" group="3" id="14" name="Spikes Down 78" sx="1.0" sy="1.0" x="5184" y="736" z="1"/>
        <actor a="0.0" aid="79" c="false" group="3" id="14" name="Spikes Down 79" sx="1.0" sy="1.0" x="3968" y="352" z="0"/>
        <actor a="0.0" aid="80" c="false" group="5" id="4" name="Small Skellyton 80" sx="1.0" sy="1.0" x="4135" y="384" z="1"/>
        <actor a="0.0" aid="81" c="false" group="4" id="12" name="skellyton wall 81" sx="1.0" sy="1.0" x="4206" y="372" z="1"/>
        <actor a="0.0" aid="82" c="false" group="3" id="14" name="Spikes Down 82" sx="1.0" sy="1.0" x="4032" y="352" z="1"/>
        <actor a="0.0" aid="84" c="false" group="3" id="8" name="Bat 84" sx="1.0" sy="1.0" x="411" y="496" z="1"/>
        <actor a="0.0" aid="85" c="false" group="3" id="22" name="Axe Item 85" sx="1.0" sy="1.0" x="3945" y="558" z="0"/>
        <actor a="0.0" aid="86" c="false" group="3" id="8" name="Bat 86" sx="1.0" sy="1.0" x="1015" y="510" z="0"/>
        <actor a="0.0" aid="87" c="false" group="3" id="8" name="Bat 87" sx="1.0" sy="1.0" x="1711" y="382" z="0"/>
        <actor a="0.0" aid="88" c="false" group="3" id="8" name="Bat 88" sx="1.0" sy="1.0" x="2947" y="504" z="0"/>
        <actor a="0.0" aid="89" c="false" group="5" id="4" name="Small Skellyton 89" sx="1.0" sy="1.0" x="2719" y="672" z="0"/>
        <actor a="0.0" aid="90" c="false" group="5" id="4" name="Small Skellyton 90" sx="1.0" sy="1.0" x="2659" y="672" z="0"/>
        <actor a="0.0" aid="91" c="false" group="5" id="4" name="Small Skellyton 91" sx="1.0" sy="1.0" x="2822" y="672" z="0"/>
        <actor a="0.0" aid="92" c="false" group="4" id="12" name="skellyton wall 92" sx="1.0" sy="1.0" x="2883" y="657" z="0"/>
        <actor a="0.0" aid="93" c="false" group="4" id="12" name="skellyton wall 93" sx="1.0" sy="1.0" x="2743" y="657" z="0"/>
        <actor a="0.0" aid="94" c="false" group="4" id="12" name="skellyton wall 94" sx="1.0" sy="1.0" x="2556" y="656" z="0"/>
        <actor a="0.0" aid="95" c="false" group="5" id="4" name="Small Skellyton 95" sx="1.0" sy="1.0" x="3936" y="382" z="0"/>
        <actor a="0.0" aid="96" c="false" group="4" id="12" name="skellyton wall 96" sx="1.0" sy="1.0" x="3800" y="369" z="0"/>
        <actor a="0.0" aid="97" c="false" group="3" id="8" name="Bat 97" sx="1.0" sy="1.0" x="3532" y="348" z="0"/>
        <actor a="0.0" aid="98" c="false" group="3" id="8" name="Bat 98" sx="1.0" sy="1.0" x="3893" y="289" z="0"/>
        <actor a="0.0" aid="99" c="false" group="3" id="8" name="Bat 99" sx="1.0" sy="1.0" x="4611" y="229" z="0"/>
        <actor a="0.0" aid="100" c="false" group="3" id="8" name="Bat 100" sx="1.0" sy="1.0" x="4691" y="142" z="0"/>
        <actor a="0.0" aid="101" c="false" group="3" id="8" name="Bat 101" sx="1.0" sy="1.0" x="4605" y="180" z="0"/>
        <actor a="0.0" aid="103" c="false" group="3" id="8" name="Bat 103" sx="1.0" sy="1.0" x="5897" y="508" z="1"/>
        <actor a="0.0" aid="104" c="false" group="3" id="8" name="Bat 104" sx="1.0" sy="1.0" x="5767" y="420" z="1"/>
        <actor a="0.0" aid="105" c="false" group="3" id="8" name="Bat 105" sx="1.0" sy="1.0" x="5958" y="462" z="1"/>
        <actor a="0.0" aid="107" c="false" group="3" id="14" name="Spikes Down 107" sx="1.0" sy="1.0" x="5408" y="736" z="1"/>
        <actor a="0.0" aid="108" c="false" group="3" id="14" name="Spikes Down 108" sx="1.0" sy="1.0" x="5440" y="736" z="1"/>
        <actor a="0.0" aid="109" c="false" group="3" id="14" name="Spikes Down 109" sx="1.0" sy="1.0" x="5472" y="736" z="1"/>
        <actor a="0.0" aid="110" c="false" group="3" id="14" name="Spikes Down 110" sx="1.0" sy="1.0" x="5504" y="736" z="1"/>
        <actor a="0.0" aid="111" c="false" group="3" id="14" name="Spikes Down 111" sx="1.0" sy="1.0" x="5536" y="736" z="1"/>
        <actor a="0.0" aid="112" c="false" group="3" id="14" name="Spikes Down 112" sx="1.0" sy="1.0" x="5568" y="736" z="1"/>
        <actor a="0.0" aid="113" c="false" group="3" id="14" name="Spikes Down 113" sx="1.0" sy="1.0" x="5600" y="736" z="1"/>
        <actor a="0.0" aid="114" c="false" group="3" id="14" name="Spikes Down 114" sx="1.0" sy="1.0" x="5632" y="736" z="1"/>
        <actor a="0.0" aid="115" c="false" group="3" id="14" name="Spikes Down 115" sx="1.0" sy="1.0" x="5664" y="736" z="1"/>
        <actor a="0.0" aid="116" c="false" group="3" id="14" name="Spikes Down 116" sx="1.0" sy="1.0" x="5696" y="736" z="1"/>
        <actor a="0.0" aid="117" c="false" group="3" id="14" name="Spikes Down 117" sx="1.0" sy="1.0" x="5728" y="736" z="1"/>
        <actor a="0.0" aid="118" c="false" group="3" id="14" name="Spikes Down 118" sx="1.0" sy="1.0" x="5760" y="736" z="1"/>
        <actor a="0.0" aid="119" c="false" group="3" id="14" name="Spikes Down 119" sx="1.0" sy="1.0" x="5792" y="736" z="1"/>
        <actor a="0.0" aid="120" c="false" group="3" id="14" name="Spikes Down 120" sx="1.0" sy="1.0" x="5824" y="736" z="1"/>
        <actor a="0.0" aid="121" c="false" group="3" id="14" name="Spikes Down 121" sx="1.0" sy="1.0" x="5856" y="736" z="1"/>
        <actor a="0.0" aid="122" c="false" group="3" id="14" name="Spikes Down 122" sx="1.0" sy="1.0" x="5888" y="736" z="1"/>
        <actor a="0.0" aid="123" c="false" group="3" id="14" name="Spikes Down 123" sx="1.0" sy="1.0" x="5920" y="736" z="1"/>
        <actor a="0.0" aid="124" c="false" group="3" id="14" name="Spikes Down 124" sx="1.0" sy="1.0" x="5952" y="736" z="1"/>
        <actor a="0.0" aid="125" c="false" group="3" id="14" name="Spikes Down 125" sx="1.0" sy="1.0" x="5984" y="736" z="1"/>
        <actor a="0.0" aid="126" c="false" group="3" id="14" name="Spikes Down 126" sx="1.0" sy="1.0" x="6016" y="736" z="1"/>
        <actor a="0.0" aid="133" c="false" group="3" id="14" name="Spikes Down 133" sx="1.0" sy="1.0" x="6240" y="736" z="1"/>
        <actor a="0.0" aid="134" c="false" group="3" id="14" name="Spikes Down 134" sx="1.0" sy="1.0" x="6272" y="736" z="1"/>
        <actor a="0.0" aid="135" c="false" group="3" id="14" name="Spikes Down 135" sx="1.0" sy="1.0" x="6304" y="736" z="1"/>
        <actor a="0.0" aid="136" c="false" group="3" id="14" name="Spikes Down 136" sx="1.0" sy="1.0" x="6336" y="736" z="1"/>
        <actor a="0.0" aid="137" c="false" group="3" id="14" name="Spikes Down 137" sx="1.0" sy="1.0" x="6368" y="736" z="1"/>
        <actor a="0.0" aid="138" c="false" group="3" id="14" name="Spikes Down 138" sx="1.0" sy="1.0" x="6400" y="736" z="1"/>
        <actor a="0.0" aid="140" c="false" group="3" id="22" name="Axe Item 140" sx="1.0" sy="1.0" x="4267" y="306" z="1"/>
        <actor a="0.0" aid="141" c="false" group="3" id="22" name="Axe Item 141" sx="1.0" sy="1.0" x="4270" y="179" z="1"/>
        <actor a="0.0" aid="142" c="false" group="3" id="8" name="Bat 142" sx="1.0" sy="1.0" x="5856" y="372" z="1"/>
        <actor a="0.0" aid="143" c="false" group="3" id="14" name="Spikes Down 143" sx="1.0" sy="1.0" x="6432" y="736" z="1"/>
        <actor a="0.0" aid="144" c="false" group="3" id="14" name="Spikes Down 144" sx="1.0" sy="1.0" x="6464" y="736" z="1"/>
        <actor a="0.0" aid="145" c="false" group="3" id="14" name="Spikes Down 145" sx="1.0" sy="1.0" x="6496" y="736" z="1"/>
        <actor a="0.0" aid="146" c="false" group="3" id="14" name="Spikes Down 146" sx="1.0" sy="1.0" x="6528" y="736" z="1"/>
        <actor a="0.0" aid="147" c="false" group="3" id="14" name="Spikes Down 147" sx="1.0" sy="1.0" x="6560" y="736" z="1"/>
        <actor a="0.0" aid="148" c="false" group="3" id="14" name="Spikes Down 148" sx="1.0" sy="1.0" x="6592" y="736" z="1"/>
        <actor a="0.0" aid="149" c="false" group="3" id="14" name="Spikes Down 149" sx="1.0" sy="1.0" x="6624" y="736" z="1"/>
        <actor a="0.0" aid="150" c="false" group="3" id="14" name="Spikes Down 150" sx="1.0" sy="1.0" x="6656" y="736" z="1"/>
        <actor a="0.0" aid="151" c="false" group="3" id="14" name="Spikes Down 151" sx="1.0" sy="1.0" x="6688" y="736" z="1"/>
        <actor a="0.0" aid="152" c="false" group="3" id="14" name="Spikes Down 152" sx="1.0" sy="1.0" x="6720" y="736" z="1"/>
        <actor a="0.0" aid="153" c="false" group="3" id="14" name="Spikes Down 153" sx="1.0" sy="1.0" x="6752" y="736" z="1"/>
        <actor a="0.0" aid="154" c="false" group="3" id="14" name="Spikes Down 154" sx="1.0" sy="1.0" x="6784" y="736" z="1"/>
        <actor a="0.0" aid="155" c="false" group="3" id="14" name="Spikes Down 155" sx="1.0" sy="1.0" x="6816" y="736" z="1"/>
        <actor a="0.0" aid="156" c="false" group="3" id="14" name="Spikes Down 156" sx="1.0" sy="1.0" x="6848" y="736" z="1"/>
        <actor a="0.0" aid="157" c="false" group="3" id="14" name="Spikes Down 157" sx="1.0" sy="1.0" x="6880" y="736" z="1"/>
        <actor a="0.0" aid="158" c="false" group="3" id="14" name="Spikes Down 158" sx="1.0" sy="1.0" x="6912" y="736" z="1"/>
        <actor a="0.0" aid="159" c="false" group="3" id="14" name="Spikes Down 159" sx="1.0" sy="1.0" x="6944" y="736" z="1"/>
        <actor a="0.0" aid="160" c="false" group="3" id="14" name="Spikes Down 160" sx="1.0" sy="1.0" x="6976" y="736" z="1"/>
        <actor a="0.0" aid="161" c="false" group="3" id="14" name="Spikes Down 161" sx="1.0" sy="1.0" x="7008" y="736" z="1"/>
        <actor a="0.0" aid="162" c="false" group="3" id="14" name="Spikes Down 162" sx="1.0" sy="1.0" x="7040" y="736" z="1"/>
        <actor a="0.0" aid="163" c="false" group="3" id="14" name="Spikes Down 163" sx="1.0" sy="1.0" x="7072" y="736" z="1"/>
        <actor a="0.0" aid="164" c="false" group="3" id="14" name="Spikes Down 164" sx="1.0" sy="1.0" x="7104" y="736" z="1"/>
        <actor a="0.0" aid="165" c="false" group="3" id="14" name="Spikes Down 165" sx="1.0" sy="1.0" x="7136" y="736" z="1"/>
        <actor a="0.0" aid="166" c="false" group="3" id="14" name="Spikes Down 166" sx="1.0" sy="1.0" x="7168" y="736" z="1"/>
        <actor a="0.0" aid="167" c="false" group="3" id="14" name="Spikes Down 167" sx="1.0" sy="1.0" x="7200" y="736" z="1"/>
        <actor a="0.0" aid="168" c="false" group="3" id="14" name="Spikes Down 168" sx="1.0" sy="1.0" x="7232" y="736" z="1"/>
        <actor a="0.0" aid="169" c="false" group="3" id="14" name="Spikes Down 169" sx="1.0" sy="1.0" x="7264" y="736" z="1"/>
        <actor a="0.0" aid="170" c="false" group="3" id="14" name="Spikes Down 170" sx="1.0" sy="1.0" x="7296" y="736" z="1"/>
        <actor a="0.0" aid="171" c="false" group="3" id="14" name="Spikes Down 171" sx="1.0" sy="1.0" x="7328" y="736" z="1"/>
        <actor a="0.0" aid="172" c="false" group="3" id="14" name="Spikes Down 172" sx="1.0" sy="1.0" x="7360" y="736" z="1"/>
        <actor a="0.0" aid="173" c="false" group="3" id="14" name="Spikes Down 173" sx="1.0" sy="1.0" x="7392" y="736" z="1"/>
        <actor a="0.0" aid="174" c="false" group="3" id="14" name="Spikes Down 174" sx="1.0" sy="1.0" x="7424" y="736" z="1"/>
        <actor a="0.0" aid="175" c="false" group="3" id="14" name="Spikes Down 175" sx="1.0" sy="1.0" x="7456" y="736" z="1"/>
        <actor a="0.0" aid="176" c="false" group="3" id="14" name="Spikes Down 176" sx="1.0" sy="1.0" x="7488" y="736" z="1"/>
        <actor a="0.0" aid="177" c="false" group="3" id="14" name="Spikes Down 177" sx="1.0" sy="1.0" x="7520" y="736" z="1"/>
        <actor a="0.0" aid="178" c="false" group="3" id="14" name="Spikes Down 178" sx="1.0" sy="1.0" x="7552" y="736" z="1"/>
        <actor a="0.0" aid="179" c="false" group="3" id="14" name="Spikes Down 179" sx="1.0" sy="1.0" x="7584" y="736" z="1"/>
        <actor a="0.0" aid="180" c="false" group="3" id="14" name="Spikes Down 180" sx="1.0" sy="1.0" x="7616" y="736" z="1"/>
        <actor a="0.0" aid="181" c="false" group="3" id="14" name="Spikes Down 181" sx="1.0" sy="1.0" x="7648" y="736" z="1"/>
        <actor a="0.0" aid="182" c="false" group="3" id="14" name="Spikes Down 182" sx="1.0" sy="1.0" x="7680" y="736" z="1"/>
        <actor a="0.0" aid="183" c="false" group="3" id="14" name="Spikes Down 183" sx="1.0" sy="1.0" x="7712" y="736" z="1"/>
        <actor a="0.0" aid="184" c="false" group="3" id="14" name="Spikes Down 184" sx="1.0" sy="1.0" x="7744" y="736" z="1"/>
        <actor a="0.0" aid="185" c="false" group="3" id="14" name="Spikes Down 185" sx="1.0" sy="1.0" x="7776" y="736" z="1"/>
        <actor a="0.0" aid="186" c="false" group="3" id="14" name="Spikes Down 186" sx="1.0" sy="1.0" x="7808" y="736" z="1"/>
        <actor a="0.0" aid="187" c="false" group="3" id="14" name="Spikes Down 187" sx="1.0" sy="1.0" x="7840" y="736" z="1"/>
        <actor a="0.0" aid="188" c="false" group="3" id="14" name="Spikes Down 188" sx="1.0" sy="1.0" x="7872" y="736" z="1"/>
        <actor a="0.0" aid="189" c="false" group="3" id="14" name="Spikes Down 189" sx="1.0" sy="1.0" x="7904" y="736" z="1"/>
        <actor a="0.0" aid="190" c="false" group="3" id="14" name="Spikes Down 190" sx="1.0" sy="1.0" x="7936" y="736" z="1"/>
        <actor a="0.0" aid="191" c="false" group="3" id="14" name="Spikes Down 191" sx="1.0" sy="1.0" x="7968" y="736" z="1"/>
        <actor a="0.0" aid="192" c="false" group="3" id="14" name="Spikes Down 192" sx="1.0" sy="1.0" x="8000" y="736" z="1"/>
        <actor a="0.0" aid="193" c="false" group="3" id="14" name="Spikes Down 193" sx="1.0" sy="1.0" x="8032" y="736" z="1"/>
        <actor a="0.0" aid="194" c="false" group="3" id="14" name="Spikes Down 194" sx="1.0" sy="1.0" x="8064" y="736" z="1"/>
        <actor a="0.0" aid="195" c="false" group="3" id="14" name="Spikes Down 195" sx="1.0" sy="1.0" x="8096" y="736" z="1"/>
        <actor a="0.0" aid="196" c="false" group="3" id="14" name="Spikes Down 196" sx="1.0" sy="1.0" x="8128" y="736" z="1"/>
        <actor a="0.0" aid="197" c="false" group="3" id="14" name="Spikes Down 197" sx="1.0" sy="1.0" x="8160" y="736" z="1"/>
        <actor a="0.0" aid="198" c="false" group="3" id="14" name="Spikes Down 198" sx="1.0" sy="1.0" x="8192" y="736" z="1"/>
        <actor a="0.0" aid="199" c="false" group="3" id="14" name="Spikes Down 199" sx="1.0" sy="1.0" x="8224" y="736" z="1"/>
        <actor a="0.0" aid="200" c="false" group="3" id="14" name="Spikes Down 200" sx="1.0" sy="1.0" x="8256" y="736" z="1"/>
        <actor a="0.0" aid="201" c="false" group="3" id="14" name="Spikes Down 201" sx="1.0" sy="1.0" x="8288" y="736" z="1"/>
        <actor a="0.0" aid="202" c="false" group="3" id="14" name="Spikes Down 202" sx="1.0" sy="1.0" x="8320" y="736" z="1"/>
        <actor a="0.0" aid="203" c="false" group="3" id="14" name="Spikes Down 203" sx="1.0" sy="1.0" x="8352" y="736" z="1"/>
        <actor a="0.0" aid="204" c="false" group="3" id="14" name="Spikes Down 204" sx="1.0" sy="1.0" x="8384" y="736" z="1"/>
        <actor a="0.0" aid="205" c="false" group="3" id="14" name="Spikes Down 205" sx="1.0" sy="1.0" x="8416" y="736" z="1"/>
        <actor a="0.0" aid="206" c="false" group="3" id="14" name="Spikes Down 206" sx="1.0" sy="1.0" x="8448" y="736" z="1"/>
        <actor a="0.0" aid="207" c="false" group="3" id="14" name="Spikes Down 207" sx="1.0" sy="1.0" x="8480" y="736" z="1"/>
        <actor a="0.0" aid="208" c="false" group="3" id="14" name="Spikes Down 208" sx="1.0" sy="1.0" x="8512" y="736" z="1"/>
        <actor a="0.0" aid="209" c="false" group="3" id="14" name="Spikes Down 209" sx="1.0" sy="1.0" x="8544" y="736" z="1"/>
        <actor a="0.0" aid="210" c="false" group="3" id="14" name="Spikes Down 210" sx="1.0" sy="1.0" x="8576" y="736" z="1"/>
        <actor a="0.0" aid="211" c="false" group="3" id="14" name="Spikes Down 211" sx="1.0" sy="1.0" x="8608" y="736" z="1"/>
        <actor a="0.0" aid="212" c="false" group="3" id="14" name="Spikes Down 212" sx="1.0" sy="1.0" x="8640" y="736" z="1"/>
        <actor a="0.0" aid="213" c="false" group="3" id="14" name="Spikes Down 213" sx="1.0" sy="1.0" x="8672" y="736" z="1"/>
        <actor a="0.0" aid="214" c="false" group="3" id="14" name="Spikes Down 214" sx="1.0" sy="1.0" x="8704" y="736" z="1"/>
        <actor a="0.0" aid="215" c="false" group="3" id="14" name="Spikes Down 215" sx="1.0" sy="1.0" x="8736" y="736" z="1"/>
        <actor a="0.0" aid="216" c="false" group="3" id="14" name="Spikes Down 216" sx="1.0" sy="1.0" x="8768" y="736" z="1"/>
        <actor a="0.0" aid="217" c="false" group="3" id="14" name="Spikes Down 217" sx="1.0" sy="1.0" x="8800" y="736" z="1"/>
        <actor a="0.0" aid="218" c="false" group="3" id="14" name="Spikes Down 218" sx="1.0" sy="1.0" x="8832" y="736" z="1"/>
        <actor a="0.0" aid="219" c="false" group="3" id="14" name="Spikes Down 219" sx="1.0" sy="1.0" x="8864" y="736" z="1"/>
        <actor a="0.0" aid="220" c="false" group="3" id="14" name="Spikes Down 220" sx="1.0" sy="1.0" x="8896" y="736" z="1"/>
        <actor a="0.0" aid="221" c="false" group="3" id="14" name="Spikes Down 221" sx="1.0" sy="1.0" x="8928" y="736" z="1"/>
        <actor a="0.0" aid="222" c="false" group="3" id="14" name="Spikes Down 222" sx="1.0" sy="1.0" x="8960" y="736" z="1"/>
        <actor a="0.0" aid="223" c="false" group="3" id="14" name="Spikes Down 223" sx="1.0" sy="1.0" x="8992" y="736" z="1"/>
        <actor a="0.0" aid="224" c="false" group="3" id="14" name="Spikes Down 224" sx="1.0" sy="1.0" x="9024" y="736" z="1"/>
        <actor a="0.0" aid="225" c="false" group="3" id="14" name="Spikes Down 225" sx="1.0" sy="1.0" x="9056" y="736" z="1"/>
        <actor a="0.0" aid="226" c="false" group="3" id="14" name="Spikes Down 226" sx="1.0" sy="1.0" x="9088" y="736" z="1"/>
        <actor a="0.0" aid="227" c="false" group="3" id="14" name="Spikes Down 227" sx="1.0" sy="1.0" x="9120" y="736" z="1"/>
        <actor a="0.0" aid="228" c="false" group="0" id="6" name="Player1 228" sx="1.0" sy="1.0" x="-5" y="699" z="1"/>
    </actors>
    <snippets/>
    <terrain>
        <p pts="4,32.0,0.0,32.0,32.0,0.0,32.0,0.0,0.0" x="7712.0" y="320.0"/>
        <p pts="4,32.0,0.0,32.0,32.0,0.0,32.0,0.0,0.0" x="4352.0" y="416.0"/>
        <p pts="4,0.0,0.0,0.0,32.0,32.0,32.0,32.0,0.0" x="1536.0" y="544.0"/>
        <p pts="4,32.0,0.0,32.0,32.0,0.0,32.0,0.0,0.0" x="6656.0" y="352.0"/>
        <p pts="4,32.0,0.0,32.0,32.0,0.0,32.0,0.0,0.0" x="4544.0" y="384.0"/>
        <p pts="4,64.0,0.0,64.0,32.0,0.0,32.0,0.0,0.0" x="4928.0" y="352.0"/>
        <p pts="4,64.0,0.0,64.0,32.0,0.0,32.0,0.0,0.0" x="4256.0" y="448.0"/>
        <p pts="4,0.0,32.0,0.0,0.0,96.0,0.0,96.0,32.0" x="5312.0" y="416.0"/>
        <p pts="4,32.0,0.0,32.0,32.0,0.0,32.0,0.0,0.0" x="6848.0" y="256.0"/>
        <p pts="4,32.0,32.0,32.0,0.0,0.0,0.0,0.0,32.0" x="1984.0" y="576.0"/>
        <p pts="4,64.0,0.0,64.0,32.0,0.0,32.0,0.0,0.0" x="4448.0" y="480.0"/>
        <p pts="6,32.0,0.0,32.0,32.0,64.0,32.0,64.0,64.0,0.0,64.0,0.0,0.0" x="7776.0" y="416.0"/>
        <p pts="4,32.0,0.0,32.0,32.0,0.0,32.0,0.0,0.0" x="6784.0" y="288.0"/>
        <p pts="4,32.0,0.0,0.0,0.0,0.0,32.0,32.0,32.0" x="1696.0" y="576.0"/>
        <p pts="4,32.0,0.0,32.0,32.0,0.0,32.0,0.0,0.0" x="5728.0" y="608.0"/>
        <p pts="4,128.0,0.0,128.0,32.0,0.0,32.0,0.0,0.0" x="5120.0" y="384.0"/>
        <p pts="4,0.0,32.0,32.0,32.0,32.0,0.0,0.0,0.0" x="1792.0" y="576.0"/>
        <p pts="4,32.0,0.0,32.0,32.0,0.0,32.0,0.0,0.0" x="5664.0" y="672.0"/>
        <p pts="4,32.0,32.0,32.0,0.0,0.0,0.0,0.0,32.0" x="1504.0" y="576.0"/>
        <p pts="6,32.0,0.0,32.0,32.0,64.0,32.0,64.0,64.0,0.0,64.0,0.0,0.0" x="7872.0" y="512.0"/>
        <p pts="4,32.0,0.0,32.0,32.0,0.0,32.0,0.0,0.0" x="7520.0" y="384.0"/>
        <p pts="4,32.0,0.0,0.0,0.0,0.0,32.0,32.0,32.0" x="1632.0" y="544.0"/>
        <p pts="4,32.0,0.0,32.0,32.0,0.0,32.0,0.0,0.0" x="6592.0" y="384.0"/>
        <p pts="4,32.0,0.0,32.0,32.0,0.0,32.0,0.0,0.0" x="7616.0" y="352.0"/>
        <p pts="4,32.0,0.0,0.0,0.0,0.0,32.0,32.0,32.0" x="1728.0" y="544.0"/>
        <p pts="16,160.0,64.0,160.0,96.0,96.0,96.0,96.0,64.0,0.0,64.0,0.0,32.0,128.0,32.0,128.0,0.0,160.0,0.0,160.0,32.0,192.0,32.0,192.0,0.0,224.0,0.0,224.0,32.0,384.0,32.0,384.0,64.0" x="3840.0" y="384.0"/>
        <p pts="4,128.0,0.0,128.0,32.0,0.0,32.0,0.0,0.0" x="4960.0" y="512.0"/>
        <p pts="4,0.0,0.0,0.0,32.0,32.0,32.0,32.0,0.0" x="2112.0" y="544.0"/>
        <p pts="4,0.0,32.0,32.0,32.0,32.0,0.0,0.0,0.0" x="2016.0" y="544.0"/>
        <p pts="4,64.0,0.0,64.0,32.0,0.0,32.0,0.0,0.0" x="8096.0" y="576.0"/>
        <p pts="4,0.0,0.0,0.0,32.0,32.0,32.0,32.0,0.0" x="1920.0" y="544.0"/>
        <p pts="4,64.0,0.0,64.0,32.0,0.0,32.0,0.0,0.0" x="4704.0" y="512.0"/>
        <p pts="4,64.0,0.0,64.0,32.0,0.0,32.0,0.0,0.0" x="4416.0" y="384.0"/>
        <p pts="4,32.0,32.0,32.0,0.0,0.0,0.0,0.0,32.0" x="1888.0" y="576.0"/>
        <p pts="4,64.0,0.0,64.0,32.0,0.0,32.0,0.0,0.0" x="6432.0" y="448.0"/>
        <p pts="4,128.0,0.0,128.0,32.0,0.0,32.0,0.0,0.0" x="6912.0" y="224.0"/>
        <p pts="4,32.0,0.0,0.0,0.0,0.0,32.0,32.0,32.0" x="1600.0" y="576.0"/>
        <p pts="4,0.0,32.0,0.0,0.0,192.0,0.0,192.0,32.0" x="3616.0" y="480.0"/>
        <p pts="4,0.0,32.0,0.0,0.0,128.0,0.0,128.0,32.0" x="4544.0" y="544.0"/>
        <p pts="4,32.0,0.0,32.0,32.0,0.0,32.0,0.0,0.0" x="6528.0" y="416.0"/>
        <p pts="4,64.0,0.0,64.0,32.0,0.0,32.0,0.0,0.0" x="8192.0" y="512.0"/>
        <p pts="4,0.0,32.0,32.0,32.0,32.0,0.0,0.0,0.0" x="2080.0" y="576.0"/>
        <p pts="4,128.0,0.0,128.0,32.0,0.0,32.0,0.0,0.0" x="4768.0" y="288.0"/>
        <p pts="4,32.0,0.0,32.0,32.0,0.0,32.0,0.0,0.0" x="6720.0" y="320.0"/>
        <p pts="6,32.0,0.0,32.0,32.0,64.0,32.0,64.0,64.0,0.0,64.0,0.0,0.0" x="7968.0" y="608.0"/>
        <p pts="4,32.0,0.0,32.0,32.0,0.0,32.0,0.0,0.0" x="5600.0" y="608.0"/>
        <p pts="4,0.0,0.0,0.0,32.0,32.0,32.0,32.0,0.0" x="1824.0" y="544.0"/>
        <p pts="4,0.0,32.0,0.0,0.0,192.0,0.0,192.0,32.0" x="7040.0" y="352.0"/>
        <p pts="4,32.0,0.0,32.0,32.0,0.0,32.0,0.0,0.0" x="5856.0" y="608.0"/>
        <p pts="110,9312.0,768.0,9312.0,0.0,9600.0,0.0,9600.0,800.0,2112.0,800.0,2112.0,768.0,2080.0,768.0,2080.0,800.0,2016.0,800.0,2016.0,768.0,1984.0,768.0,1984.0,800.0,1920.0,800.0,1920.0,768.0,1888.0,768.0,1888.0,800.0,1824.0,800.0,1824.0,768.0,1792.0,768.0,1792.0,800.0,1536.0,800.0,1536.0,768.0,1504.0,768.0,1504.0,800.0,0.0,800.0,0.0,736.0,128.0,736.0,128.0,720.0,160.0,720.0,160.0,736.0,224.0,736.0,224.0,704.0,416.0,704.0,416.0,688.0,448.0,688.0,448.0,704.0,1248.0,704.0,1440.0,512.0,2176.0,512.0,2368.0,704.0,3008.0,704.0,3072.0,640.0,3168.0,544.0,3232.0,480.0,3456.0,480.0,3456.0,512.0,3488.0,512.0,3488.0,576.0,3520.0,576.0,3520.0,640.0,3552.0,640.0,3552.0,704.0,3584.0,704.0,3584.0,768.0,3904.0,768.0,3904.0,672.0,3872.0,672.0,3872.0,640.0,3840.0,640.0,3840.0,608.0,3808.0,608.0,3808.0,576.0,4000.0,576.0,4064.0,512.0,4256.0,512.0,4256.0,544.0,4160.0,544.0,4160.0,576.0,4128.0,576.0,4128.0,608.0,4096.0,608.0,4096.0,640.0,4032.0,640.0,4032.0,672.0,4000.0,672.0,4000.0,768.0,5216.0,768.0,5216.0,736.0,5184.0,736.0,5184.0,704.0,5152.0,704.0,5152.0,672.0,5120.0,672.0,5120.0,608.0,5504.0,608.0,5504.0,672.0,5472.0,672.0,5472.0,704.0,5440.0,704.0,5440.0,736.0,5408.0,736.0,5408.0,768.0,6048.0,768.0,6048.0,704.0,6016.0,704.0,6016.0,672.0,5984.0,672.0,5984.0,640.0,5952.0,640.0,5952.0,608.0,6048.0,608.0,6208.0,448.0,6272.0,448.0,6272.0,480.0,6304.0,480.0,6304.0,544.0,6272.0,544.0,6272.0,576.0,6240.0,576.0,6240.0,768.0" x="0.0" y="0.0"/>
        <p pts="4,64.0,0.0,64.0,32.0,0.0,32.0,0.0,0.0" x="4352.0" y="544.0"/>
        <p pts="4,0.0,32.0,0.0,0.0,192.0,0.0,192.0,32.0" x="7264.0" y="416.0"/>
        <p pts="4,32.0,0.0,32.0,32.0,0.0,32.0,0.0,0.0" x="4672.0" y="320.0"/>
        <p pts="4,0.0,32.0,0.0,0.0,96.0,0.0,96.0,32.0" x="4800.0" y="448.0"/>
    </terrain>
    <atlases members="" retainAtlases="true"/>
</scene>
