<?xml version="1.0" encoding="UTF-8" standalone="no"?>
<scene depth="2" desc="" eventsnippetid="18" extheight="1344" extwidth="1344" extx="-32" exty="-32" format="3.4.0" gravx="-0.0" gravy="65.0" height="1280" id="3" name="Test" revision="" savecount="0" tiled="1" tileh="32" tilew="32" type="standard" width="1280">
    <layers>
        <color-bg blue="255" green="255" red="255"/>
        <layer blendMode="normal" color="0,255,0" id="1" locked="false" name="Layer 1" opacity="100" order="1" scrollFactorX="1.0" scrollFactorY="1.0" visible="true"/>
        <layer blendMode="normal" color="100,168,234" id="0" locked="false" name="Layer 0" opacity="100" order="0" scrollFactorX="1.0" scrollFactorY="1.0" visible="true"/>
    </layers>
    <joints/>
    <regions/>
    <terrainRegions/>
    <actors>
        <actor a="0.0" aid="2" c="false" group="0" id="6" name="Player1 2" sx="1.0" sy="1.0" x="653" y="1210" z="0"/>
        <actor a="0.0" aid="3" c="false" group="3" id="28" name="Door 3" sx="1.0" sy="1.0" x="774" y="1190" z="1"/>
        <actor a="0.0" aid="4" c="false" group="3" id="22" name="Axe Item 4" sx="1.0" sy="1.0" x="866" y="1227" z="0"/>
        <actor a="0.0" aid="5" c="false" group="3" id="8" name="Bat 5" sx="1.0" sy="1.0" x="1040" y="1045" z="0"/>
    </actors>
    <snippets/>
    <terrain>
        <p pts="4,0.0,32.0,0.0,0.0,1280.0,0.0,1280.0,32.0" x="0.0" y="1248.0"/>
    </terrain>
    <atlases members="" retainAtlases="true"/>
</scene>
