<?xml version="1.0" encoding="UTF-8" standalone="no"?>
<scene depth="2" desc="" eventsnippetid="25" extheight="3264" extwidth="12864" extx="-32" exty="-32" format="3.4.0" gravx="-0.0" gravy="65.0" height="3200" id="6" name="Level 2" revision="" savecount="0" tiled="1" tileh="32" tilew="32" type="standard" width="12800">
    <layers>
        <color-bg blue="255" green="255" red="255"/>
        <layer blendMode="normal" color="100,168,234" id="0" locked="false" name="Backround" opacity="100" order="1" scrollFactorX="1.0" scrollFactorY="1.0" visible="true"/>
        <layer blendMode="normal" color="0,255,0" id="1" locked="false" name="Foreground" opacity="100" order="0" scrollFactorX="1.0" scrollFactorY="1.0" visible="true"/>
    </layers>
    <joints/>
    <regions/>
    <terrainRegions/>
    <actors>
        <actor a="0.0" aid="2" c="false" group="3" id="14" name="Spikes Down 2" sx="1.0" sy="1.0" x="2047" y="3040" z="1"/>
        <actor a="0.0" aid="3" c="false" group="3" id="14" name="Spikes Down 3" sx="1.0" sy="1.0" x="2174" y="2976" z="1"/>
        <actor a="0.0" aid="6" c="false" group="3" id="8" name="Bat 6" sx="1.0" sy="1.0" x="2232" y="2838" z="1"/>
        <actor a="0.0" aid="7" c="false" group="3" id="8" name="Bat 7" sx="1.0" sy="1.0" x="2362" y="2785" z="1"/>
        <actor a="0.0" aid="8" c="false" group="3" id="8" name="Bat 8" sx="1.0" sy="1.0" x="2172" y="2779" z="1"/>
        <actor a="0.0" aid="9" c="false" group="5" id="4" name="Small Skellyton 9" sx="1.0" sy="1.0" x="280" y="3104" z="1"/>
        <actor a="0.0" aid="10" c="false" group="5" id="4" name="Small Skellyton 10" sx="1.0" sy="1.0" x="426" y="3104" z="1"/>
        <actor a="0.0" aid="11" c="false" group="4" id="12" name="skellyton wall 11" sx="1.0" sy="1.0" x="346" y="3088" z="1"/>
        <actor a="0.0" aid="12" c="false" group="4" id="12" name="skellyton wall 12" sx="1.0" sy="1.0" x="193" y="3090" z="1"/>
        <actor a="0.0" aid="13" c="false" group="4" id="12" name="skellyton wall 13" sx="1.0" sy="1.0" x="561" y="3092" z="1"/>
        <actor a="0.0" aid="14" c="false" group="3" id="22" name="Axe Item 14" sx="1.0" sy="1.0" x="1370" y="3023" z="1"/>
        <actor a="0.0" aid="15" c="false" group="0" id="6" name="Player1 15" sx="1.0" sy="1.0" x="33" y="3098" z="1"/>
        <actor a="0.0" aid="16" c="false" group="4" id="12" name="skellyton wall 16" sx="1.0" sy="1.0" x="1723" y="3058" z="1"/>
        <actor a="0.0" aid="17" c="false" group="4" id="12" name="skellyton wall 17" sx="1.0" sy="1.0" x="1902" y="3059" z="1"/>
        <actor a="0.0" aid="18" c="false" group="5" id="4" name="Small Skellyton 18" sx="1.0" sy="1.0" x="1836" y="3072" z="1"/>
        <actor a="0.0" aid="19" c="false" group="5" id="4" name="Small Skellyton 19" sx="1.0" sy="1.0" x="2739" y="2656" z="1"/>
        <actor a="0.0" aid="20" c="false" group="5" id="4" name="Small Skellyton 20" sx="1.0" sy="1.0" x="1144" y="3072" z="1"/>
        <actor a="0.0" aid="21" c="false" group="5" id="4" name="Small Skellyton 21" sx="1.0" sy="1.0" x="928" y="3072" z="1"/>
        <actor a="0.0" aid="22" c="false" group="4" id="12" name="skellyton wall 22" sx="1.0" sy="1.0" x="719" y="3057" z="1"/>
        <actor a="0.0" aid="23" c="false" group="4" id="12" name="skellyton wall 23" sx="1.0" sy="1.0" x="1199" y="3058" z="1"/>
        <actor a="0.0" aid="24" c="false" group="3" id="8" name="Bat 24" sx="1.0" sy="1.0" x="974" y="2917" z="1"/>
        <actor a="0.0" aid="25" c="false" group="3" id="8" name="Bat 25" sx="1.0" sy="1.0" x="1098" y="2966" z="1"/>
        <actor a="0.0" aid="26" c="false" group="3" id="8" name="Bat 26" sx="1.0" sy="1.0" x="878" y="2970" z="1"/>
        <actor a="0.0" aid="27" c="false" group="3" id="8" name="Bat 27" sx="1.0" sy="1.0" x="1888" y="2922" z="1"/>
        <actor a="0.0" aid="28" c="false" group="4" id="12" name="skellyton wall 28" sx="1.0" sy="1.0" x="2614" y="2640" z="1"/>
        <actor a="0.0" aid="29" c="false" group="4" id="12" name="skellyton wall 29" sx="1.0" sy="1.0" x="2790" y="2645" z="1"/>
        <actor a="0.0" aid="30" c="false" group="3" id="14" name="Spikes Down 30" sx="1.0" sy="1.0" x="3707" y="2752" z="1"/>
        <actor a="0.0" aid="31" c="false" group="3" id="14" name="Spikes Down 31" sx="1.0" sy="1.0" x="3739" y="2752" z="1"/>
        <actor a="0.0" aid="32" c="false" group="3" id="14" name="Spikes Down 32" sx="1.0" sy="1.0" x="3843" y="2880" z="1"/>
        <actor a="0.0" aid="33" c="false" group="3" id="14" name="Spikes Down 33" sx="1.0" sy="1.0" x="5025" y="2593" z="1"/>
        <actor a="0.0" aid="34" c="false" group="3" id="14" name="Spikes Down 34" sx="1.0" sy="1.0" x="5182" y="2560" z="1"/>
        <actor a="0.0" aid="35" c="false" group="3" id="14" name="Spikes Down 35" sx="1.0" sy="1.0" x="4289" y="2657" z="1"/>
        <actor a="0.0" aid="36" c="false" group="3" id="14" name="Spikes Down 36" sx="1.0" sy="1.0" x="4319" y="2657" z="1"/>
        <actor a="0.0" aid="37" c="false" group="3" id="14" name="Spikes Down 37" sx="1.0" sy="1.0" x="4349" y="2657" z="1"/>
        <actor a="0.0" aid="38" c="false" group="3" id="14" name="Spikes Down 38" sx="1.0" sy="1.0" x="4379" y="2657" z="1"/>
        <actor a="0.0" aid="39" c="false" group="3" id="14" name="Spikes Down 39" sx="1.0" sy="1.0" x="4409" y="2657" z="1"/>
        <actor a="0.0" aid="40" c="false" group="3" id="14" name="Spikes Down 40" sx="1.0" sy="1.0" x="4439" y="2657" z="1"/>
        <actor a="0.0" aid="41" c="false" group="3" id="14" name="Spikes Down 41" sx="1.0" sy="1.0" x="4469" y="2657" z="1"/>
        <actor a="0.0" aid="42" c="false" group="3" id="14" name="Spikes Down 42" sx="1.0" sy="1.0" x="4499" y="2657" z="1"/>
        <actor a="0.0" aid="43" c="false" group="3" id="14" name="Spikes Down 43" sx="1.0" sy="1.0" x="4528" y="2657" z="0"/>
        <actor a="0.0" aid="44" c="false" group="3" id="8" name="Bat 44" sx="1.0" sy="1.0" x="4456" y="2530" z="0"/>
        <actor a="0.0" aid="45" c="false" group="3" id="8" name="Bat 45" sx="1.0" sy="1.0" x="4386" y="2532" z="0"/>
        <actor a="0.0" aid="46" c="false" group="5" id="4" name="Small Skellyton 46" sx="1.0" sy="1.0" x="4838" y="2527" z="0"/>
        <actor a="0.0" aid="47" c="false" group="4" id="12" name="skellyton wall 47" sx="1.0" sy="1.0" x="4687" y="2512" z="0"/>
    </actors>
    <snippets/>
    <terrain>
        <p pts="4,64.0,576.0,0.0,576.0,0.0,0.0,64.0,0.0" x="5024.0" y="2624.0"/>
        <p pts="4,0.0,32.0,0.0,0.0,96.0,0.0,96.0,32.0" x="2688.0" y="2912.0"/>
        <p pts="4,64.0,0.0,64.0,32.0,0.0,32.0,0.0,0.0" x="3104.0" y="2912.0"/>
        <p pts="4,0.0,32.0,0.0,0.0,64.0,0.0,64.0,32.0" x="1568.0" y="3104.0"/>
        <p pts="4,32.0,0.0,32.0,32.0,0.0,32.0,0.0,0.0" x="3488.0" y="2784.0"/>
        <p pts="4,0.0,32.0,0.0,0.0,96.0,0.0,96.0,32.0" x="2368.0" y="3008.0"/>
        <p pts="4,64.0,608.0,0.0,608.0,0.0,0.0,64.0,0.0" x="5152.0" y="2592.0"/>
        <p pts="4,32.0,0.0,32.0,32.0,0.0,32.0,0.0,0.0" x="2528.0" y="3008.0"/>
        <p pts="4,64.0,0.0,64.0,32.0,0.0,32.0,0.0,0.0" x="2976.0" y="2880.0"/>
        <p pts="4,0.0,32.0,0.0,0.0,96.0,0.0,96.0,32.0" x="2560.0" y="2976.0"/>
        <p pts="4,0.0,32.0,0.0,0.0,64.0,0.0,64.0,32.0" x="2848.0" y="2912.0"/>
        <p pts="4,32.0,0.0,32.0,32.0,0.0,32.0,0.0,0.0" x="2912.0" y="2784.0"/>
        <p pts="4,64.0,0.0,64.0,32.0,0.0,32.0,0.0,0.0" x="2848.0" y="2720.0"/>
        <p pts="4,32.0,0.0,32.0,32.0,0.0,32.0,0.0,0.0" x="3424.0" y="2816.0"/>
        <p pts="4,32.0,0.0,32.0,32.0,0.0,32.0,0.0,0.0" x="3616.0" y="2720.0"/>
        <p pts="44,3040.0,0.0,3040.0,64.0,2624.0,64.0,2624.0,96.0,2560.0,96.0,2560.0,128.0,2496.0,128.0,2496.0,160.0,2432.0,160.0,2432.0,192.0,2368.0,192.0,2368.0,224.0,2304.0,224.0,2304.0,256.0,2240.0,256.0,2240.0,288.0,2016.0,288.0,2016.0,320.0,1248.0,320.0,1248.0,352.0,1056.0,352.0,1056.0,384.0,928.0,384.0,928.0,416.0,0.0,416.0,0.0,288.0,704.0,288.0,704.0,256.0,992.0,256.0,992.0,224.0,1856.0,224.0,1856.0,192.0,1984.0,192.0,1984.0,160.0,2112.0,160.0,2112.0,128.0,2240.0,128.0,2240.0,96.0,2368.0,96.0,2368.0,64.0,2496.0,64.0,2496.0,32.0,2624.0,32.0,2624.0,0.0" x="0.0" y="2432.0"/>
        <p pts="18,1120.0,640.0,0.0,640.0,0.0,352.0,32.0,352.0,32.0,192.0,64.0,192.0,96.0,160.0,192.0,160.0,224.0,128.0,288.0,128.0,320.0,96.0,448.0,96.0,448.0,128.0,704.0,128.0,704.0,96.0,768.0,96.0,864.0,0.0,1120.0,0.0" x="3840.0" y="2560.0"/>
        <p pts="4,64.0,0.0,64.0,32.0,0.0,32.0,0.0,0.0" x="2144.0" y="3008.0"/>
        <p pts="4,0.0,32.0,0.0,0.0,96.0,0.0,96.0,32.0" x="3296.0" y="2848.0"/>
        <p pts="4,64.0,0.0,64.0,32.0,0.0,32.0,0.0,0.0" x="2016.0" y="3072.0"/>
        <p pts="4,64.0,0.0,64.0,32.0,0.0,32.0,0.0,0.0" x="1472.0" y="3040.0"/>
        <p pts="18,256.0,32.0,256.0,64.0,224.0,64.0,224.0,96.0,192.0,96.0,192.0,128.0,160.0,128.0,160.0,160.0,128.0,160.0,128.0,192.0,96.0,192.0,96.0,224.0,0.0,224.0,0.0,192.0,64.0,192.0,256.0,0.0,416.0,0.0,416.0,32.0" x="2400.0" y="2688.0"/>
        <p pts="4,64.0,0.0,64.0,672.0,0.0,672.0,0.0,0.0" x="5280.0" y="2528.0"/>
        <p pts="4,0.0,32.0,0.0,0.0,160.0,0.0,160.0,32.0" x="1760.0" y="3104.0"/>
        <p pts="4,0.0,32.0,0.0,0.0,96.0,0.0,96.0,32.0" x="3680.0" y="2784.0"/>
        <p pts="4,64.0,0.0,64.0,32.0,0.0,32.0,0.0,0.0" x="2272.0" y="2944.0"/>
        <p pts="4,64.0,0.0,64.0,32.0,0.0,32.0,0.0,0.0" x="3200.0" y="2880.0"/>
        <p pts="8,32.0,32.0,0.0,32.0,0.0,0.0,128.0,0.0,128.0,32.0,96.0,32.0,96.0,64.0,32.0,64.0" x="1312.0" y="3040.0"/>
        <p pts="4,32.0,0.0,32.0,32.0,0.0,32.0,0.0,0.0" x="3552.0" y="2752.0"/>
        <p pts="10,1248.0,0.0,1248.0,32.0,1280.0,32.0,1280.0,64.0,1312.0,64.0,1312.0,96.0,0.0,96.0,0.0,32.0,736.0,32.0,736.0,0.0" x="0.0" y="3104.0"/>
        <p pts="4,0.0,32.0,0.0,0.0,96.0,0.0,96.0,32.0" x="1664.0" y="3040.0"/>
        <p pts="4,32.0,0.0,32.0,32.0,0.0,32.0,0.0,0.0" x="3648.0" y="2752.0"/>
    </terrain>
    <atlases members="" retainAtlases="true"/>
</scene>
